img,id,shapeIndex,angle,estimate,trueNum
Cylinder1_NXNFREP9W_view1,NXNFREP9W,Cylinder1,90,172,55
Cylinder1_U90APHRHO_view1,U90APHRHO,Cylinder1,90,147,65
Cylinder1_D3L4E2E4Q_view1,D3L4E2E4Q,Cylinder1,90,184,72
Cylinder1_EL5SYEY93_view1,EL5SYEY93,Cylinder1,90,164,60
Cylinder1_NKK972GJI_view1,NKK972GJI,Cylinder1,90,184,69
Cylinder1_UZYLDANPL_view1,UZYLDANPL,Cylinder1,90,185,83
Cylinder1_6FYQO2GN2_view1,6FYQO2GN2,Cylinder1,90,179,72
Cylinder1_UADGYPHPL_view1,UADGYPHPL,Cylinder1,90,171,75
Cylinder1_13CZLNVQU_view1,13CZLNVQU,Cylinder1,90,193,86
Cylinder1_EB0VPGBXZ_view1,EB0VPGBXZ,Cylinder1,90,200,89
Cylinder1_SR84WXHWC_view1,SR84WXHWC,Cylinder1,90,163,69
Cylinder1_8XN10O4FH_view1,8XN10O4FH,Cylinder1,90,179,100
Cylinder1_C0UHLAHOF_view1,C0UHLAHOF,Cylinder1,90,168,62
Cylinder1_8U5VN8REH_view1,8U5VN8REH,Cylinder1,90,184,98
Cylinder1_K89SIQELK_view1,K89SIQELK,Cylinder1,90,166,89
Cylinder1_NXNFREP9W_view2,NXNFREP9W,Cylinder1,0,92,55
Cylinder1_4EDNL9RPQ_view1,4EDNL9RPQ,Cylinder1,90,163,66
Cylinder1_D3L4E2E4Q_view2,D3L4E2E4Q,Cylinder1,0,89,72
Cylinder1_YCIU3TL0D_view1,YCIU3TL0D,Cylinder1,90,216,141
Cylinder1_T8ZHO458W_view1,T8ZHO458W,Cylinder1,90,207,98
Cylinder1_U90APHRHO_view2,U90APHRHO,Cylinder1,0,124,65
Cylinder1_2TEBA732Z_view1,2TEBA732Z,Cylinder1,90,216,144
Cylinder1_HLV2EVB9W_view1,HLV2EVB9W,Cylinder1,90,263,169
Cylinder1_EL5SYEY93_view2,EL5SYEY93,Cylinder1,0,85,60
Cylinder1_2EFNNYRYX_view1,2EFNNYRYX,Cylinder1,90,198,126
Cylinder1_NKK972GJI_view2,NKK972GJI,Cylinder1,0,103,69
Cylinder1_UZYLDANPL_view2,UZYLDANPL,Cylinder1,0,105,83
Cylinder1_6FYQO2GN2_view2,6FYQO2GN2,Cylinder1,0,75,72
Cylinder1_UADGYPHPL_view2,UADGYPHPL,Cylinder1,0,94,75
Cylinder1_UJ0RRXEP7_view1,UJ0RRXEP7,Cylinder1,90,205,95
Cylinder1_EB0VPGBXZ_view2,EB0VPGBXZ,Cylinder1,0,94,89
Cylinder1_SR84WXHWC_view2,SR84WXHWC,Cylinder1,0,112,69
Cylinder1_K89SIQELK_view2,K89SIQELK,Cylinder1,0,82,89
Cylinder1_NXNFREP9W_view3,NXNFREP9W,Cylinder1,66,127,55
Cylinder1_8EEVAWY5U_view1,8EEVAWY5U,Cylinder1,90,176,92
Cylinder1_8XN10O4FH_view2,8XN10O4FH,Cylinder1,0,74,100
Cylinder1_8U5VN8REH_view2,8U5VN8REH,Cylinder1,0,67,98
Cylinder1_C0UHLAHOF_view2,C0UHLAHOF,Cylinder1,0,81,62
Cylinder1_U90APHRHO_view3,U90APHRHO,Cylinder1,66,149,65
Cylinder1_D3L4E2E4Q_view3,D3L4E2E4Q,Cylinder1,66,136,72
Cylinder1_4EDNL9RPQ_view2,4EDNL9RPQ,Cylinder1,0,77,66
Cylinder1_EL5SYEY93_view3,EL5SYEY93,Cylinder1,66,118,60
Cylinder1_2TEBA732Z_view2,2TEBA732Z,Cylinder1,0,52,144
Cylinder1_YCIU3TL0D_view2,YCIU3TL0D,Cylinder1,0,74,141
Cylinder1_NKK972GJI_view3,NKK972GJI,Cylinder1,66,139,69
Cylinder1_T8ZHO458W_view2,T8ZHO458W,Cylinder1,0,96,98
Cylinder1_2EFNNYRYX_view2,2EFNNYRYX,Cylinder1,0,92,126
Cylinder1_UZYLDANPL_view3,UZYLDANPL,Cylinder1,66,154,83
Cylinder1_UADGYPHPL_view3,UADGYPHPL,Cylinder1,66,122,75
Cylinder1_6FYQO2GN2_view3,6FYQO2GN2,Cylinder1,66,142,72
Cylinder1_NXNFREP9W_view4,NXNFREP9W,Cylinder1,45,112,55
Cylinder1_QMJHF53VU_view1,QMJHF53VU,Cylinder1,90,200,109
Cylinder1_HLV2EVB9W_view2,HLV2EVB9W,Cylinder1,0,58,169
Cylinder1_PEJE7QLTN_view1,PEJE7QLTN,Cylinder1,90,226,164
Cylinder1_K89SIQELK_view3,K89SIQELK,Cylinder1,66,175,89
Cylinder1_TTKNVEA33_view1,TTKNVEA33,Cylinder1,90,185,86
Cylinder1_EB0VPGBXZ_view3,EB0VPGBXZ,Cylinder1,66,162,89
Cylinder1_U90APHRHO_view4,U90APHRHO,Cylinder1,45,137,65
Cylinder1_SR84WXHWC_view3,SR84WXHWC,Cylinder1,66,133,69
Cylinder1_D3L4E2E4Q_view4,D3L4E2E4Q,Cylinder1,45,114,72
Cylinder1_LK0E3W5JR_view1,LK0E3W5JR,Cylinder1,90,203,121
Cylinder1_C0UHLAHOF_view3,C0UHLAHOF,Cylinder1,66,146,62
Cylinder1_D8WSGKTZO_view1,D8WSGKTZO,Cylinder1,90,182,103
Cylinder1_UJ0RRXEP7_view2,UJ0RRXEP7,Cylinder1,0,72,95
Cylinder1_EL5SYEY93_view4,EL5SYEY93,Cylinder1,45,107,60
Cylinder1_8XN10O4FH_view3,8XN10O4FH,Cylinder1,66,163,100
Cylinder1_FCGNRKDVJ_view1,FCGNRKDVJ,Cylinder1,90,232,160
Cylinder1_8U5VN8REH_view3,8U5VN8REH,Cylinder1,66,141,98
Cylinder1_BGNYPBER7_view1,BGNYPBER7,Cylinder1,90,190,106
Cylinder1_4EDNL9RPQ_view3,4EDNL9RPQ,Cylinder1,66,126,66
Cylinder1_NKK972GJI_view4,NKK972GJI,Cylinder1,45,110,69
Cylinder1_LVNAG3TMF_view1,LVNAG3TMF,Cylinder1,90,223,115
Cylinder1_RY0DRULIJ_view1,RY0DRULIJ,Cylinder1,90,208,117
Cylinder1_452439H4N_view1,452439H4N,Cylinder1,90,243,157
Cylinder1_JQJKXEEFY_view1,JQJKXEEFY,Cylinder1,90,232,167
Cylinder1_CRWNXO9IT_view1,CRWNXO9IT,Cylinder1,90,225,152
Cylinder1_3FNPMIFX8_view1,3FNPMIFX8,Cylinder1,90,228,149
Cylinder1_NXNFREP9W_view5,NXNFREP9W,Cylinder1,22,112,55
Cylinder1_UZYLDANPL_view4,UZYLDANPL,Cylinder1,45,131,83
Cylinder1_QMJHF53VU_view2,QMJHF53VU,Cylinder1,0,61,109
Cylinder1_UADGYPHPL_view4,UADGYPHPL,Cylinder1,45,103,75
Cylinder1_6FYQO2GN2_view4,6FYQO2GN2,Cylinder1,45,93,72
Cylinder1_PEJE7QLTN_view2,PEJE7QLTN,Cylinder1,0,63,164
Cylinder1_TTKNVEA33_view2,TTKNVEA33,Cylinder1,0,87,86
Cylinder1_8EEVAWY5U_view2,8EEVAWY5U,Cylinder1,0,82,92
Cylinder1_2EFNNYRYX_view3,2EFNNYRYX,Cylinder1,66,182,126
Cylinder1_YCIU3TL0D_view3,YCIU3TL0D,Cylinder1,66,193,141
Cylinder1_K89SIQELK_view4,K89SIQELK,Cylinder1,45,133,89
Cylinder1_2TEBA732Z_view3,2TEBA732Z,Cylinder1,66,167,144
Cylinder1_D3L4E2E4Q_view5,D3L4E2E4Q,Cylinder1,22,114,72
Cylinder1_U90APHRHO_view5,U90APHRHO,Cylinder1,22,122,65
Cylinder1_T8ZHO458W_view3,T8ZHO458W,Cylinder1,66,173,98
Cylinder1_LK0E3W5JR_view2,LK0E3W5JR,Cylinder1,0,46,121
Cylinder1_EB0VPGBXZ_view4,EB0VPGBXZ,Cylinder1,45,128,89
Cylinder1_SR84WXHWC_view4,SR84WXHWC,Cylinder1,45,143,69
Cylinder1_EL5SYEY93_view5,EL5SYEY93,Cylinder1,22,111,60
Cylinder1_C0UHLAHOF_view4,C0UHLAHOF,Cylinder1,45,108,62
Cylinder1_HLV2EVB9W_view3,HLV2EVB9W,Cylinder1,66,176,169
Cylinder1_8XN10O4FH_view4,8XN10O4FH,Cylinder1,45,111,100
Cylinder1_D8WSGKTZO_view2,D8WSGKTZO,Cylinder1,0,68,103
Cylinder1_FCGNRKDVJ_view2,FCGNRKDVJ,Cylinder1,0,55,160
Cylinder1_NKK972GJI_view5,NKK972GJI,Cylinder1,22,127,69
Cylinder1_8U5VN8REH_view4,8U5VN8REH,Cylinder1,45,106,98
Cylinder1_BGNYPBER7_view2,BGNYPBER7,Cylinder1,0,69,106
Cylinder1_QMJHF53VU_view3,QMJHF53VU,Cylinder1,66,168,109
Cylinder1_4EDNL9RPQ_view4,4EDNL9RPQ,Cylinder1,45,107,66
Cylinder1_452439H4N_view2,452439H4N,Cylinder1,0,62,157
Cylinder1_UADGYPHPL_view5,UADGYPHPL,Cylinder1,22,106,75
Cylinder1_PEJE7QLTN_view3,PEJE7QLTN,Cylinder1,66,208,164
Cylinder1_UJ0RRXEP7_view3,UJ0RRXEP7,Cylinder1,66,151,95
Cylinder1_UZYLDANPL_view5,UZYLDANPL,Cylinder1,22,129,83
Cylinder1_TTKNVEA33_view3,TTKNVEA33,Cylinder1,66,163,86
Cylinder1_LVNAG3TMF_view2,LVNAG3TMF,Cylinder1,0,84,115
Cylinder1_RY0DRULIJ_view2,RY0DRULIJ,Cylinder1,0,83,117
Cylinder1_JQJKXEEFY_view2,JQJKXEEFY,Cylinder1,0,57,167
Cylinder1_6FYQO2GN2_view5,6FYQO2GN2,Cylinder1,22,102,72
Cylinder1_K89SIQELK_view5,K89SIQELK,Cylinder1,22,119,89
Cylinder1_EB0VPGBXZ_view5,EB0VPGBXZ,Cylinder1,22,125,89
Cylinder1_SR84WXHWC_view5,SR84WXHWC,Cylinder1,22,130,69
Cylinder1_T8ZHO458W_view4,T8ZHO458W,Cylinder1,45,123,98
Cylinder1_C0UHLAHOF_view5,C0UHLAHOF,Cylinder1,22,108,62
Cylinder1_QMJHF53VU_view4,QMJHF53VU,Cylinder1,45,113,109
Cylinder1_8XN10O4FH_view5,8XN10O4FH,Cylinder1,22,105,100
Cylinder1_PEJE7QLTN_view4,PEJE7QLTN,Cylinder1,45,148,164
Cylinder1_HLV2EVB9W_view4,HLV2EVB9W,Cylinder1,45,111,169
Cylinder1_FCGNRKDVJ_view3,FCGNRKDVJ,Cylinder1,66,189,160
Cylinder1_TTKNVEA33_view4,TTKNVEA33,Cylinder1,45,115,86
Cylinder1_8U5VN8REH_view5,8U5VN8REH,Cylinder1,22,100,98
Cylinder1_4EDNL9RPQ_view5,4EDNL9RPQ,Cylinder1,22,88,66
Cylinder1_8EEVAWY5U_view3,8EEVAWY5U,Cylinder1,66,150,92
Cylinder1_452439H4N_view3,452439H4N,Cylinder1,66,185,157
Cylinder1_LVNAG3TMF_view3,LVNAG3TMF,Cylinder1,66,179,115
Cylinder1_JQJKXEEFY_view3,JQJKXEEFY,Cylinder1,66,186,167
Cylinder1_UJ0RRXEP7_view4,UJ0RRXEP7,Cylinder1,45,105,95
Cylinder1_RY0DRULIJ_view3,RY0DRULIJ,Cylinder1,66,149,117
Cylinder1_QMJHF53VU_view5,QMJHF53VU,Cylinder1,22,97,109
Cylinder1_PEJE7QLTN_view5,PEJE7QLTN,Cylinder1,22,99,164
Cylinder1_QGQYJRLG1_view1,QGQYJRLG1,Cylinder1,90,187,102
Cylinder1_TTKNVEA33_view5,TTKNVEA33,Cylinder1,22,107,86
Cylinder1_7N7R13DM2_view1,7N7R13DM2,Cylinder1,90,203,106
Cylinder1_T8ZHO458W_view5,T8ZHO458W,Cylinder1,22,111,98
Cylinder1_RM8HCG6R1_view1,RM8HCG6R1,Cylinder1,90,223,137
Cylinder1_6WM4EPV3F_view1,6WM4EPV3F,Cylinder1,90,189,121
Cylinder1_FCGNRKDVJ_view4,FCGNRKDVJ,Cylinder1,45,106,160
Cylinder1_OFE8QW8S6_view1,OFE8QW8S6,Cylinder1,90,214,131
Cylinder1_GSF2TC8LC_view1,GSF2TC8LC,Cylinder1,90,221,152
Cylinder1_YWPTW51U8_view1,YWPTW51U8,Cylinder1,90,216,132
Cylinder1_BZ7JXQZHW_view1,BZ7JXQZHW,Cylinder1,90,234,169
Cylinder1_7S9PE5WWL_view1,7S9PE5WWL,Cylinder1,90,211,144
Cylinder1_CSGRZYNCC_view1,CSGRZYNCC,Cylinder1,90,213,126
Cylinder1_WJ0IOHY5U_view1,WJ0IOHY5U,Cylinder1,90,237,147
Cylinder1_452439H4N_view4,452439H4N,Cylinder1,45,121,157
Cylinder1_WY7DIU7C5_view1,WY7DIU7C5,Cylinder1,90,197,122
Cylinder1_LMDAN1QZN_view1,LMDAN1QZN,Cylinder1,90,206,141
Cylinder1_HLV2EVB9W_view5,HLV2EVB9W,Cylinder1,22,67,169
Cylinder1_YY8EG6HC6_view1,YY8EG6HC6,Cylinder1,90,218,129
Cylinder1_QGQYJRLG1_view2,QGQYJRLG1,Cylinder1,0,78,102
Cylinder1_JQJKXEEFY_view4,JQJKXEEFY,Cylinder1,45,111,167
Cylinder1_LVNAG3TMF_view4,LVNAG3TMF,Cylinder1,45,127,115
Cylinder1_RY0DRULIJ_view4,RY0DRULIJ,Cylinder1,45,85,117
Cylinder1_7N7R13DM2_view2,7N7R13DM2,Cylinder1,0,67,106
Cylinder1_UJ0RRXEP7_view5,UJ0RRXEP7,Cylinder1,22,95,95
Cylinder1_OFE8QW8S6_view2,OFE8QW8S6,Cylinder1,0,71,131
Cylinder1_6WM4EPV3F_view2,6WM4EPV3F,Cylinder1,0,85,121
Cylinder1_8EEVAWY5U_view4,8EEVAWY5U,Cylinder1,45,112,92
Cylinder1_GSF2TC8LC_view2,GSF2TC8LC,Cylinder1,0,70,152
Cylinder1_BZ7JXQZHW_view2,BZ7JXQZHW,Cylinder1,0,61,169
Cylinder1_RM8HCG6R1_view2,RM8HCG6R1,Cylinder1,0,62,137
Cylinder1_7S9PE5WWL_view2,7S9PE5WWL,Cylinder1,0,66,144
Cylinder1_YWPTW51U8_view2,YWPTW51U8,Cylinder1,0,77,132
Cylinder1_CSGRZYNCC_view2,CSGRZYNCC,Cylinder1,0,109,126
Cylinder1_FCGNRKDVJ_view5,FCGNRKDVJ,Cylinder1,22,79,160
Cylinder1_LMDAN1QZN_view2,LMDAN1QZN,Cylinder1,0,64,141
Cylinder1_452439H4N_view5,452439H4N,Cylinder1,22,97,157
Cylinder1_QGQYJRLG1_view3,QGQYJRLG1,Cylinder1,66,144,102
Cylinder1_WY7DIU7C5_view2,WY7DIU7C5,Cylinder1,0,54,122
Cylinder1_WJ0IOHY5U_view2,WJ0IOHY5U,Cylinder1,0,61,147
Cylinder1_YY8EG6HC6_view2,YY8EG6HC6,Cylinder1,0,73,129
Cylinder1_JQJKXEEFY_view5,JQJKXEEFY,Cylinder1,22,87,167
Cylinder1_LVNAG3TMF_view5,LVNAG3TMF,Cylinder1,22,118,115
Cylinder1_OFE8QW8S6_view3,OFE8QW8S6,Cylinder1,66,180,131
Cylinder1_7N7R13DM2_view3,7N7R13DM2,Cylinder1,66,154,106
Cylinder1_RY0DRULIJ_view5,RY0DRULIJ,Cylinder1,22,84,117
Cylinder1_6WM4EPV3F_view3,6WM4EPV3F,Cylinder1,66,167,121
Cylinder1_GSF2TC8LC_view3,GSF2TC8LC,Cylinder1,66,203,152
Cylinder1_BZ7JXQZHW_view3,BZ7JXQZHW,Cylinder1,66,204,169
Cylinder1_RM8HCG6R1_view3,RM8HCG6R1,Cylinder1,66,181,137
Cylinder1_QGQYJRLG1_view4,QGQYJRLG1,Cylinder1,45,130,102
Cylinder1_7S9PE5WWL_view3,7S9PE5WWL,Cylinder1,66,168,144
Cylinder1_YWPTW51U8_view3,YWPTW51U8,Cylinder1,66,177,132
Cylinder1_CSGRZYNCC_view3,CSGRZYNCC,Cylinder1,66,137,126
Cylinder1_LMDAN1QZN_view3,LMDAN1QZN,Cylinder1,66,186,141
Cylinder1_WJ0IOHY5U_view3,WJ0IOHY5U,Cylinder1,66,184,147
Cylinder1_WY7DIU7C5_view3,WY7DIU7C5,Cylinder1,66,159,122
Cylinder1_YY8EG6HC6_view3,YY8EG6HC6,Cylinder1,66,158,129
Cylinder1_OFE8QW8S6_view4,OFE8QW8S6,Cylinder1,45,131,131
Cylinder1_8EEVAWY5U_view5,8EEVAWY5U,Cylinder1,22,119,92
Cylinder1_QGQYJRLG1_view5,QGQYJRLG1,Cylinder1,22,107,102
Cylinder1_7N7R13DM2_view4,7N7R13DM2,Cylinder1,45,122,106
Cylinder1_6WM4EPV3F_view4,6WM4EPV3F,Cylinder1,45,116,121
Cylinder1_GSF2TC8LC_view4,GSF2TC8LC,Cylinder1,45,143,152
Cylinder1_BZ7JXQZHW_view4,BZ7JXQZHW,Cylinder1,45,144,169
Cylinder1_7S9PE5WWL_view4,7S9PE5WWL,Cylinder1,45,108,144
Cylinder1_RM8HCG6R1_view4,RM8HCG6R1,Cylinder1,45,98,137
Cylinder1_YWPTW51U8_view4,YWPTW51U8,Cylinder1,45,122,132
Cylinder1_CSGRZYNCC_view4,CSGRZYNCC,Cylinder1,45,106,126
Cylinder1_LMDAN1QZN_view4,LMDAN1QZN,Cylinder1,45,123,141
Cylinder1_OFE8QW8S6_view5,OFE8QW8S6,Cylinder1,22,88,131
Cylinder1_WJ0IOHY5U_view4,WJ0IOHY5U,Cylinder1,45,103,147
Cylinder1_WY7DIU7C5_view4,WY7DIU7C5,Cylinder1,45,109,122
Cylinder1_7N7R13DM2_view5,7N7R13DM2,Cylinder1,22,104,106
Cylinder1_6WM4EPV3F_view5,6WM4EPV3F,Cylinder1,22,103,121
Cylinder1_YY8EG6HC6_view4,YY8EG6HC6,Cylinder1,45,101,129
Cylinder1_GSF2TC8LC_view5,GSF2TC8LC,Cylinder1,22,105,152
Cylinder1_BZ7JXQZHW_view5,BZ7JXQZHW,Cylinder1,22,94,169
Cylinder1_7S9PE5WWL_view5,7S9PE5WWL,Cylinder1,22,92,144
Cylinder1_YWPTW51U8_view5,YWPTW51U8,Cylinder1,22,82,132
Cylinder1_RM8HCG6R1_view5,RM8HCG6R1,Cylinder1,22,87,137
Cylinder1_CSGRZYNCC_view5,CSGRZYNCC,Cylinder1,22,116,126
Cylinder1_LMDAN1QZN_view5,LMDAN1QZN,Cylinder1,22,91,141
Cylinder1_WJ0IOHY5U_view5,WJ0IOHY5U,Cylinder1,22,76,147
Cylinder1_WY7DIU7C5_view5,WY7DIU7C5,Cylinder1,22,92,122
Cylinder1_YY8EG6HC6_view5,YY8EG6HC6,Cylinder1,22,73,129
Cylinder2_D9HLB6WZF_view1,D9HLB6WZF,Cylinder2,90,62,9
Cylinder2_0EI8SX1SX_view1,0EI8SX1SX,Cylinder2,90,65,11
Cylinder2_RI42H9UN5_view1,RI42H9UN5,Cylinder2,90,81,15
Cylinder2_PR9PARXN2_view1,PR9PARXN2,Cylinder2,90,54,11
Cylinder2_YA8305Q0Z_view1,YA8305Q0Z,Cylinder2,90,69,12
Cylinder2_Q3Z1PATR9_view1,Q3Z1PATR9,Cylinder2,90,77,15
Cylinder2_P6EBT3X47_view1,P6EBT3X47,Cylinder2,90,86,17
Cylinder2_GFCNY32NO_view1,GFCNY32NO,Cylinder2,90,65,10
Cylinder2_5LX9N9FNW_view1,5LX9N9FNW,Cylinder2,90,73,14
Cylinder2_AD1LC43MK_view1,AD1LC43MK,Cylinder2,90,101,20
Cylinder2_9CJFVAK64_view1,9CJFVAK64,Cylinder2,90,102,25
Cylinder2_MVNDJLPMW_view1,MVNDJLPMW,Cylinder2,90,110,31
Cylinder2_VW6MGNZ66_view1,VW6MGNZ66,Cylinder2,90,121,50
Cylinder2_D9HLB6WZF_view2,D9HLB6WZF,Cylinder2,0,32,9
Cylinder2_N5L8NRZNU_view1,N5L8NRZNU,Cylinder2,90,122,29
Cylinder2_RK54T2UFL_view1,RK54T2UFL,Cylinder2,90,112,49
Cylinder2_IDRB8S07G_view1,IDRB8S07G,Cylinder2,90,117,41
Cylinder2_15K9QEDKJ_view1,15K9QEDKJ,Cylinder2,90,122,42
Cylinder2_W48O3452B_view1,W48O3452B,Cylinder2,90,132,47
Cylinder2_0EI8SX1SX_view2,0EI8SX1SX,Cylinder2,0,45,11
Cylinder2_PR9PARXN2_view2,PR9PARXN2,Cylinder2,0,45,11
Cylinder2_RI42H9UN5_view2,RI42H9UN5,Cylinder2,0,51,15
Cylinder2_YA8305Q0Z_view2,YA8305Q0Z,Cylinder2,0,33,12
Cylinder2_Q3Z1PATR9_view2,Q3Z1PATR9,Cylinder2,0,52,15
Cylinder2_5LX9N9FNW_view2,5LX9N9FNW,Cylinder2,0,42,14
Cylinder2_P6EBT3X47_view2,P6EBT3X47,Cylinder2,0,43,17
Cylinder2_GFCNY32NO_view2,GFCNY32NO,Cylinder2,0,35,10
Cylinder2_AD1LC43MK_view2,AD1LC43MK,Cylinder2,0,68,20
Cylinder2_D9HLB6WZF_view3,D9HLB6WZF,Cylinder2,66,48,9
Cylinder2_VW6MGNZ66_view2,VW6MGNZ66,Cylinder2,0,50,50
Cylinder2_0EI8SX1SX_view3,0EI8SX1SX,Cylinder2,66,52,11
Cylinder2_MVNDJLPMW_view2,MVNDJLPMW,Cylinder2,0,70,31
Cylinder2_RI42H9UN5_view3,RI42H9UN5,Cylinder2,66,69,15
Cylinder2_YA8305Q0Z_view3,YA8305Q0Z,Cylinder2,66,56,12
Cylinder2_PR9PARXN2_view3,PR9PARXN2,Cylinder2,66,53,11
Cylinder2_RK54T2UFL_view2,RK54T2UFL,Cylinder2,0,46,49
Cylinder2_IDRB8S07G_view2,IDRB8S07G,Cylinder2,0,53,41
Cylinder2_5LX9N9FNW_view3,5LX9N9FNW,Cylinder2,66,65,14
Cylinder2_Q3Z1PATR9_view3,Q3Z1PATR9,Cylinder2,66,66,15
Cylinder2_N5L8NRZNU_view2,N5L8NRZNU,Cylinder2,0,69,29
Cylinder2_P6EBT3X47_view3,P6EBT3X47,Cylinder2,66,67,17
Cylinder2_799SVSAYN_view1,799SVSAYN,Cylinder2,90,116,37
Cylinder2_D9HLB6WZF_view4,D9HLB6WZF,Cylinder2,45,40,9
Cylinder2_GFCNY32NO_view3,GFCNY32NO,Cylinder2,66,65,10
Cylinder2_AD1LC43MK_view3,AD1LC43MK,Cylinder2,66,78,20
Cylinder2_0EI8SX1SX_view4,0EI8SX1SX,Cylinder2,45,42,11
Cylinder2_RI42H9UN5_view4,RI42H9UN5,Cylinder2,45,54,15
Cylinder2_YA8305Q0Z_view4,YA8305Q0Z,Cylinder2,45,47,12
Cylinder2_PR9PARXN2_view4,PR9PARXN2,Cylinder2,45,40,11
Cylinder2_VW6MGNZ66_view3,VW6MGNZ66,Cylinder2,66,112,50
Cylinder2_5LX9N9FNW_view4,5LX9N9FNW,Cylinder2,45,43,14
Cylinder2_Q3Z1PATR9_view4,Q3Z1PATR9,Cylinder2,45,59,15
Cylinder2_MVNDJLPMW_view3,MVNDJLPMW,Cylinder2,66,86,31
Cylinder2_P6EBT3X47_view4,P6EBT3X47,Cylinder2,45,53,17
Cylinder2_RK54T2UFL_view3,RK54T2UFL,Cylinder2,66,117,49
Cylinder2_IDRB8S07G_view3,IDRB8S07G,Cylinder2,66,100,41
Cylinder2_D9HLB6WZF_view5,D9HLB6WZF,Cylinder2,22,37,9
Cylinder2_N5L8NRZNU_view3,N5L8NRZNU,Cylinder2,66,98,29
Cylinder2_5MP02Y1SS_view1,5MP02Y1SS,Cylinder2,90,103,43
Cylinder2_6Q66HCL4B_view1,6Q66HCL4B,Cylinder2,90,113,27
Cylinder2_0EI8SX1SX_view5,0EI8SX1SX,Cylinder2,22,47,11
Cylinder2_OSCDC4XKM_view1,OSCDC4XKM,Cylinder2,90,101,40
Cylinder2_1PG5LVHAG_view1,1PG5LVHAG,Cylinder2,90,108,31
Cylinder2_GBOHNPKSJ_view1,GBOHNPKSJ,Cylinder2,90,119,24
Cylinder2_RI42H9UN5_view5,RI42H9UN5,Cylinder2,22,57,15
Cylinder2_3GFDGYR4V_view1,3GFDGYR4V,Cylinder2,90,120,30
Cylinder2_PARCRG69V_view1,PARCRG69V,Cylinder2,90,113,25
Cylinder2_U7GM4T2ZH_view1,U7GM4T2ZH,Cylinder2,90,103,28
Cylinder2_JHAIS0NYE_view1,JHAIS0NYE,Cylinder2,90,108,41
Cylinder2_GFCNY32NO_view4,GFCNY32NO,Cylinder2,45,31,10
Cylinder2_YA8305Q0Z_view5,YA8305Q0Z,Cylinder2,22,44,12
Cylinder2_1JZNEN3PG_view1,1JZNEN3PG,Cylinder2,90,118,29
Cylinder2_PR9PARXN2_view5,PR9PARXN2,Cylinder2,22,44,11
Cylinder2_NBKM0C52L_view1,NBKM0C52L,Cylinder2,90,129,42
Cylinder2_QAL1X3C6C_view1,QAL1X3C6C,Cylinder2,90,123,47
Cylinder2_5LX9N9FNW_view5,5LX9N9FNW,Cylinder2,22,51,14
Cylinder2_BL8PGRD4N_view1,BL8PGRD4N,Cylinder2,90,122,46
Cylinder2_DXHXHDXVP_view1,DXHXHDXVP,Cylinder2,90,123,45
Cylinder2_VW6MGNZ66_view4,VW6MGNZ66,Cylinder2,45,101,50
Cylinder2_Q3Z1PATR9_view5,Q3Z1PATR9,Cylinder2,22,62,15
Cylinder2_IPTXTSXA5_view1,IPTXTSXA5,Cylinder2,90,128,44
Cylinder2_MVNDJLPMW_view4,MVNDJLPMW,Cylinder2,45,67,31
Cylinder2_RK54T2UFL_view4,RK54T2UFL,Cylinder2,45,90,49
Cylinder2_5MP02Y1SS_view2,5MP02Y1SS,Cylinder2,0,63,43
Cylinder2_IDRB8S07G_view4,IDRB8S07G,Cylinder2,45,80,41
Cylinder2_6Q66HCL4B_view2,6Q66HCL4B,Cylinder2,0,57,27
Cylinder2_OSCDC4XKM_view2,OSCDC4XKM,Cylinder2,0,48,40
Cylinder2_JHAIS0NYE_view2,JHAIS0NYE,Cylinder2,0,64,41
Cylinder2_799SVSAYN_view2,799SVSAYN,Cylinder2,0,53,37
Cylinder2_1PG5LVHAG_view2,1PG5LVHAG,Cylinder2,0,83,31
Cylinder2_3GFDGYR4V_view2,3GFDGYR4V,Cylinder2,0,76,30
Cylinder2_N5L8NRZNU_view4,N5L8NRZNU,Cylinder2,45,68,29
Cylinder2_GBOHNPKSJ_view2,GBOHNPKSJ,Cylinder2,0,66,24
Cylinder2_U7GM4T2ZH_view2,U7GM4T2ZH,Cylinder2,0,62,28
Cylinder2_PARCRG69V_view2,PARCRG69V,Cylinder2,0,58,25
Cylinder2_NBKM0C52L_view2,NBKM0C52L,Cylinder2,0,59,42
Cylinder2_GFCNY32NO_view5,GFCNY32NO,Cylinder2,22,34,10
Cylinder2_1JZNEN3PG_view2,1JZNEN3PG,Cylinder2,0,58,29
Cylinder2_QAL1X3C6C_view2,QAL1X3C6C,Cylinder2,0,57,47
Cylinder2_BL8PGRD4N_view2,BL8PGRD4N,Cylinder2,0,54,46
Cylinder2_VW6MGNZ66_view5,VW6MGNZ66,Cylinder2,22,82,50
Cylinder2_BAA6XQFIM_view1,BAA6XQFIM,Cylinder2,90,63,21
Cylinder2_IPTXTSXA5_view2,IPTXTSXA5,Cylinder2,0,56,44
Cylinder2_DXHXHDXVP_view2,DXHXHDXVP,Cylinder2,0,49,45
Cylinder2_5MP02Y1SS_view3,5MP02Y1SS,Cylinder2,66,105,43
Cylinder2_5S2I5M5DA_view1,5S2I5M5DA,Cylinder2,90,90,17
Cylinder2_DPSMYHWI4_view1,DPSMYHWI4,Cylinder2,90,106,26
Cylinder2_QD64QFDEU_view1,QD64QFDEU,Cylinder2,90,100,20
Cylinder2_FSDMLBRC9_view1,FSDMLBRC9,Cylinder2,90,109,23
Cylinder2_RK54T2UFL_view5,RK54T2UFL,Cylinder2,22,65,49
Cylinder2_MVNDJLPMW_view5,MVNDJLPMW,Cylinder2,22,81,31
Cylinder2_6Q66HCL4B_view3,6Q66HCL4B,Cylinder2,66,96,27
Cylinder2_OSCDC4XKM_view3,OSCDC4XKM,Cylinder2,66,91,40
Cylinder2_IV882TT6Z_view1,IV882TT6Z,Cylinder2,90,107,19
Cylinder2_JHAIS0NYE_view3,JHAIS0NYE,Cylinder2,66,95,41
Cylinder2_GNZ8XUV35_view1,GNZ8XUV35,Cylinder2,90,105,36
Cylinder2_IDRB8S07G_view5,IDRB8S07G,Cylinder2,22,66,41
Cylinder2_1PG5LVHAG_view3,1PG5LVHAG,Cylinder2,66,109,31
Cylinder2_3GFDGYR4V_view3,3GFDGYR4V,Cylinder2,66,93,30
Cylinder2_8BUEY7KVY_view1,8BUEY7KVY,Cylinder2,90,119,30
Cylinder2_GBOHNPKSJ_view3,GBOHNPKSJ,Cylinder2,66,98,24
Cylinder2_RO6J330GX_view1,RO6J330GX,Cylinder2,90,112,35
Cylinder2_U7GM4T2ZH_view3,U7GM4T2ZH,Cylinder2,66,90,28
Cylinder2_PARCRG69V_view3,PARCRG69V,Cylinder2,66,96,25
Cylinder2_JUVOAUMWP_view1,JUVOAUMWP,Cylinder2,90,132,37
Cylinder2_N5L8NRZNU_view5,N5L8NRZNU,Cylinder2,22,77,29
Cylinder2_NBKM0C52L_view3,NBKM0C52L,Cylinder2,66,107,42
Cylinder2_BAA6XQFIM_view2,BAA6XQFIM,Cylinder2,0,51,21
Cylinder2_1JZNEN3PG_view3,1JZNEN3PG,Cylinder2,66,107,29
Cylinder2_QZ43QOYO0_view1,QZ43QOYO0,Cylinder2,90,97,22
Cylinder2_782XQSXCL_view1,782XQSXCL,Cylinder2,90,98,18
Cylinder2_QAL1X3C6C_view3,QAL1X3C6C,Cylinder2,66,114,47
Cylinder2_5MP02Y1SS_view4,5MP02Y1SS,Cylinder2,45,87,43
Cylinder2_R38QLZK8K_view1,R38QLZK8K,Cylinder2,90,113,38
Cylinder2_5S2I5M5DA_view2,5S2I5M5DA,Cylinder2,0,53,17
Cylinder2_BL8PGRD4N_view3,BL8PGRD4N,Cylinder2,66,107,46
Cylinder2_M03L8V4WD_view1,M03L8V4WD,Cylinder2,90,115,34
Cylinder2_QD64QFDEU_view2,QD64QFDEU,Cylinder2,0,74,20
Cylinder2_6UM1OCICJ_view1,6UM1OCICJ,Cylinder2,90,112,33
Cylinder2_IPTXTSXA5_view3,IPTXTSXA5,Cylinder2,66,120,44
Cylinder2_DXHXHDXVP_view3,DXHXHDXVP,Cylinder2,66,116,45
Cylinder2_FSDMLBRC9_view2,FSDMLBRC9,Cylinder2,0,69,23
Cylinder2_OSCDC4XKM_view4,OSCDC4XKM,Cylinder2,45,72,40
Cylinder2_6Q66HCL4B_view4,6Q66HCL4B,Cylinder2,45,70,27
Cylinder2_JHAIS0NYE_view4,JHAIS0NYE,Cylinder2,45,86,41
Cylinder2_IV882TT6Z_view2,IV882TT6Z,Cylinder2,0,55,19
Cylinder2_FIGH93T6T_view1,FIGH93T6T,Cylinder2,90,115,39
Cylinder2_GNZ8XUV35_view2,GNZ8XUV35,Cylinder2,0,62,36
Cylinder2_1PG5LVHAG_view4,1PG5LVHAG,Cylinder2,45,83,31
Cylinder2_3GFDGYR4V_view4,3GFDGYR4V,Cylinder2,45,78,30
Cylinder2_GBOHNPKSJ_view4,GBOHNPKSJ,Cylinder2,45,70,24
Cylinder2_BAA6XQFIM_view3,BAA6XQFIM,Cylinder2,66,69,21
Cylinder2_RO6J330GX_view2,RO6J330GX,Cylinder2,0,57,35
Cylinder2_799SVSAYN_view3,799SVSAYN,Cylinder2,66,102,37
Cylinder2_U7GM4T2ZH_view4,U7GM4T2ZH,Cylinder2,45,66,28
Cylinder2_8BUEY7KVY_view2,8BUEY7KVY,Cylinder2,0,69,30
Cylinder2_PARCRG69V_view4,PARCRG69V,Cylinder2,45,71,25
Cylinder2_JUVOAUMWP_view2,JUVOAUMWP,Cylinder2,0,49,37
Cylinder2_5MP02Y1SS_view5,5MP02Y1SS,Cylinder2,22,78,43
Cylinder2_NBKM0C52L_view4,NBKM0C52L,Cylinder2,45,86,42
Cylinder2_5S2I5M5DA_view3,5S2I5M5DA,Cylinder2,66,67,17
Cylinder2_1JZNEN3PG_view4,1JZNEN3PG,Cylinder2,45,89,29
Cylinder2_782XQSXCL_view2,782XQSXCL,Cylinder2,0,57,18
Cylinder2_QAL1X3C6C_view4,QAL1X3C6C,Cylinder2,45,81,47
Cylinder2_QD64QFDEU_view3,QD64QFDEU,Cylinder2,66,86,20
Cylinder2_QZ43QOYO0_view2,QZ43QOYO0,Cylinder2,0,57,22
Cylinder2_R38QLZK8K_view2,R38QLZK8K,Cylinder2,0,58,38
Cylinder2_BL8PGRD4N_view4,BL8PGRD4N,Cylinder2,45,81,46
Cylinder2_M03L8V4WD_view2,M03L8V4WD,Cylinder2,0,50,34
Cylinder2_JHAIS0NYE_view5,JHAIS0NYE,Cylinder2,22,75,41
Cylinder2_OSCDC4XKM_view5,OSCDC4XKM,Cylinder2,22,73,40
Cylinder2_FSDMLBRC9_view3,FSDMLBRC9,Cylinder2,66,82,23
Cylinder2_6Q66HCL4B_view5,6Q66HCL4B,Cylinder2,22,75,27
Cylinder2_BAA6XQFIM_view4,BAA6XQFIM,Cylinder2,45,56,21
Cylinder2_IPTXTSXA5_view4,IPTXTSXA5,Cylinder2,45,72,44
Cylinder2_DPSMYHWI4_view2,DPSMYHWI4,Cylinder2,0,62,26
Cylinder2_DXHXHDXVP_view4,DXHXHDXVP,Cylinder2,45,75,45
Cylinder2_6UM1OCICJ_view2,6UM1OCICJ,Cylinder2,0,60,33
Cylinder2_3GFDGYR4V_view5,3GFDGYR4V,Cylinder2,22,83,30
Cylinder2_GNZ8XUV35_view3,GNZ8XUV35,Cylinder2,66,87,36
Cylinder2_1PG5LVHAG_view5,1PG5LVHAG,Cylinder2,22,89,31
Cylinder2_IV882TT6Z_view3,IV882TT6Z,Cylinder2,66,73,19
Cylinder2_GBOHNPKSJ_view5,GBOHNPKSJ,Cylinder2,22,81,24
Cylinder2_5S2I5M5DA_view4,5S2I5M5DA,Cylinder2,45,58,17
Cylinder2_U7GM4T2ZH_view5,U7GM4T2ZH,Cylinder2,22,74,28
Cylinder2_RO6J330GX_view3,RO6J330GX,Cylinder2,66,112,35
Cylinder2_8BUEY7KVY_view3,8BUEY7KVY,Cylinder2,66,114,30
Cylinder2_PARCRG69V_view5,PARCRG69V,Cylinder2,22,63,25
Cylinder2_NBKM0C52L_view5,NBKM0C52L,Cylinder2,22,78,42
Cylinder2_JUVOAUMWP_view3,JUVOAUMWP,Cylinder2,66,132,37
Cylinder2_1JZNEN3PG_view5,1JZNEN3PG,Cylinder2,22,76,29
Cylinder2_QD64QFDEU_view4,QD64QFDEU,Cylinder2,45,67,20
Cylinder2_FIGH93T6T_view2,FIGH93T6T,Cylinder2,0,68,39
Cylinder2_782XQSXCL_view3,782XQSXCL,Cylinder2,66,76,18
Cylinder2_QAL1X3C6C_view5,QAL1X3C6C,Cylinder2,22,70,47
Cylinder2_BL8PGRD4N_view5,BL8PGRD4N,Cylinder2,22,74,46
Cylinder2_BAA6XQFIM_view5,BAA6XQFIM,Cylinder2,22,62,21
Cylinder2_QZ43QOYO0_view3,QZ43QOYO0,Cylinder2,66,84,22
Cylinder2_FSDMLBRC9_view4,FSDMLBRC9,Cylinder2,45,70,23
Cylinder2_M03L8V4WD_view3,M03L8V4WD,Cylinder2,66,91,34
Cylinder2_R38QLZK8K_view3,R38QLZK8K,Cylinder2,66,105,38
Cylinder2_GNZ8XUV35_view4,GNZ8XUV35,Cylinder2,45,71,36
Cylinder2_5S2I5M5DA_view5,5S2I5M5DA,Cylinder2,22,67,17
Cylinder2_IV882TT6Z_view4,IV882TT6Z,Cylinder2,45,59,19
Cylinder2_IPTXTSXA5_view5,IPTXTSXA5,Cylinder2,22,70,44
Cylinder2_DXHXHDXVP_view5,DXHXHDXVP,Cylinder2,22,62,45
Cylinder2_RO6J330GX_view4,RO6J330GX,Cylinder2,45,81,35
Cylinder2_6UM1OCICJ_view3,6UM1OCICJ,Cylinder2,66,88,33
Cylinder2_8BUEY7KVY_view4,8BUEY7KVY,Cylinder2,45,80,30
Cylinder2_799SVSAYN_view4,799SVSAYN,Cylinder2,45,77,37
Cylinder2_QD64QFDEU_view5,QD64QFDEU,Cylinder2,22,82,20
Cylinder2_JUVOAUMWP_view4,JUVOAUMWP,Cylinder2,45,79,37
Cylinder2_782XQSXCL_view4,782XQSXCL,Cylinder2,45,56,18
Cylinder2_FSDMLBRC9_view5,FSDMLBRC9,Cylinder2,22,79,23
Cylinder2_QZ43QOYO0_view4,QZ43QOYO0,Cylinder2,45,76,22
Cylinder2_GNZ8XUV35_view5,GNZ8XUV35,Cylinder2,22,79,36
Cylinder2_FIGH93T6T_view3,FIGH93T6T,Cylinder2,66,96,39
Cylinder2_M03L8V4WD_view4,M03L8V4WD,Cylinder2,45,73,34
Cylinder2_R38QLZK8K_view4,R38QLZK8K,Cylinder2,45,81,38
Cylinder2_IV882TT6Z_view5,IV882TT6Z,Cylinder2,22,57,19
Cylinder2_DPSMYHWI4_view3,DPSMYHWI4,Cylinder2,66,82,26
Cylinder2_RO6J330GX_view5,RO6J330GX,Cylinder2,22,84,35
Cylinder2_8BUEY7KVY_view5,8BUEY7KVY,Cylinder2,22,89,30
Cylinder2_JUVOAUMWP_view5,JUVOAUMWP,Cylinder2,22,72,37
Cylinder2_6UM1OCICJ_view4,6UM1OCICJ,Cylinder2,45,77,33
Cylinder2_782XQSXCL_view5,782XQSXCL,Cylinder2,22,66,18
Cylinder2_QZ43QOYO0_view5,QZ43QOYO0,Cylinder2,22,73,22
Cylinder2_M03L8V4WD_view5,M03L8V4WD,Cylinder2,22,73,34
Cylinder2_R38QLZK8K_view5,R38QLZK8K,Cylinder2,22,80,38
Cylinder2_FIGH93T6T_view4,FIGH93T6T,Cylinder2,45,81,39
Cylinder2_799SVSAYN_view5,799SVSAYN,Cylinder2,22,78,37
Cylinder2_6UM1OCICJ_view5,6UM1OCICJ,Cylinder2,22,67,33
Cylinder2_DPSMYHWI4_view4,DPSMYHWI4,Cylinder2,45,71,26
Cylinder2_FIGH93T6T_view5,FIGH93T6T,Cylinder2,22,87,39
Cylinder2_DPSMYHWI4_view5,DPSMYHWI4,Cylinder2,22,74,26
Disk1_CLJY6KFM1_view1,CLJY6KFM1,Disk1,90,13,6
Disk1_IISZZIR6V_view1,IISZZIR6V,Disk1,90,14,8
Disk1_P2V9DTFAE_view1,P2V9DTFAE,Disk1,90,14,6
Disk1_BERHZZ1RA_view1,BERHZZ1RA,Disk1,90,15,5
Disk1_OG19PGO6X_view1,OG19PGO6X,Disk1,90,12,9
Disk1_UWY1L0YLQ_view1,UWY1L0YLQ,Disk1,90,14,10
Disk1_UKPTMAAPL_view1,UKPTMAAPL,Disk1,90,13,8
Disk1_8HZJJ3ZVK_view1,8HZJJ3ZVK,Disk1,90,14,38
Disk1_E5XRBF5VS_view1,E5XRBF5VS,Disk1,90,15,39
Disk1_NTHSMD9DM_view1,NTHSMD9DM,Disk1,90,16,36
Disk1_0LZPDA5LA_view1,0LZPDA5LA,Disk1,90,15,14
Disk1_2WQVQHYGH_view1,2WQVQHYGH,Disk1,90,13,30
Disk1_HBNRPCOSG_view1,HBNRPCOSG,Disk1,90,13,13
Disk1_4FP9MRHBT_view1,4FP9MRHBT,Disk1,90,14,10
Disk1_37XJO2YPJ_view1,37XJO2YPJ,Disk1,90,19,38
Disk1_5Z4B7AO66_view1,5Z4B7AO66,Disk1,90,14,34
Disk1_477UU11WQ_view1,477UU11WQ,Disk1,90,18,39
Disk1_KU3Y5TX8S_view1,KU3Y5TX8S,Disk1,90,11,11
Disk1_EI8K6BEN5_view1,EI8K6BEN5,Disk1,90,14,15
Disk1_7DS3X9SXS_view1,7DS3X9SXS,Disk1,90,14,31
Disk1_8G2NVZHIM_view1,8G2NVZHIM,Disk1,90,13,11
Disk1_PKPJEE8OU_view1,PKPJEE8OU,Disk1,90,14,18
Disk1_QVXKGM7UH_view1,QVXKGM7UH,Disk1,90,13,14
Disk1_IFR1GJP1P_view1,IFR1GJP1P,Disk1,90,17,34
Disk1_1GWRYM6UO_view1,1GWRYM6UO,Disk1,90,14,31
Disk1_O49DEQOSH_view1,O49DEQOSH,Disk1,90,17,30
Disk1_PYN1YC100_view1,PYN1YC100,Disk1,90,16,33
Disk1_ZZ10WR7P4_view1,ZZ10WR7P4,Disk1,90,15,25
Disk1_R7BCWAC5Q_view1,R7BCWAC5Q,Disk1,90,17,18
Disk1_KT698794G_view1,KT698794G,Disk1,90,15,20
Disk1_DWAE6L1LE_view1,DWAE6L1LE,Disk1,90,15,21
Disk1_73RMILSXO_view1,73RMILSXO,Disk1,90,15,23
Disk1_JSKA0SLGN_view1,JSKA0SLGN,Disk1,90,14,19
Disk1_XLXQWOET4_view1,XLXQWOET4,Disk1,90,14,27
Disk1_59B5ZNX15_view1,59B5ZNX15,Disk1,90,13,22
Disk1_GLP9APEW7_view1,GLP9APEW7,Disk1,90,14,33
Disk1_X409KHMVI_view1,X409KHMVI,Disk1,90,13,16
Disk1_JUKY24437_view1,JUKY24437,Disk1,90,17,28
Disk1_SDLIMWGHX_view1,SDLIMWGHX,Disk1,90,13,29
Disk1_AU5EBEVTC_view1,AU5EBEVTC,Disk1,90,14,40
Disk1_60L5M4PKF_view1,60L5M4PKF,Disk1,90,16,32
Disk1_4F6TMCAXR_view1,4F6TMCAXR,Disk1,90,16,17
Disk1_YG7MPFKS1_view1,YG7MPFKS1,Disk1,90,13,16
Disk1_9LUR8JSQU_view1,9LUR8JSQU,Disk1,90,14,20
Disk1_PDZVPFEL4_view1,PDZVPFEL4,Disk1,90,16,25
Disk1_2MT80V51F_view1,2MT80V51F,Disk1,90,17,23
Disk1_20VQK56KK_view1,20VQK56KK,Disk1,90,19,24
Disk1_7GYZKV9ZK_view1,7GYZKV9ZK,Disk1,90,16,26
Disk1_4WVZKO7AX_view1,4WVZKO7AX,Disk1,90,14,13
Disk1_6J7XBTXZ0_view1,6J7XBTXZ0,Disk1,90,15,26
Disk1_P2V9DTFAE_view2,P2V9DTFAE,Disk1,0,13,6
Disk1_CLJY6KFM1_view2,CLJY6KFM1,Disk1,0,15,6
Disk1_IISZZIR6V_view2,IISZZIR6V,Disk1,0,17,8
Disk1_BERHZZ1RA_view2,BERHZZ1RA,Disk1,0,13,5
Disk1_OG19PGO6X_view2,OG19PGO6X,Disk1,0,16,9
Disk1_UWY1L0YLQ_view2,UWY1L0YLQ,Disk1,0,19,10
Disk1_UKPTMAAPL_view2,UKPTMAAPL,Disk1,0,13,8
Disk1_KU3Y5TX8S_view2,KU3Y5TX8S,Disk1,0,14,11
Disk1_4FP9MRHBT_view2,4FP9MRHBT,Disk1,0,14,10
Disk1_PKPJEE8OU_view2,PKPJEE8OU,Disk1,0,19,18
Disk1_0LZPDA5LA_view2,0LZPDA5LA,Disk1,0,23,14
Disk1_HBNRPCOSG_view2,HBNRPCOSG,Disk1,0,17,13
Disk1_8G2NVZHIM_view2,8G2NVZHIM,Disk1,0,20,11
Disk1_EI8K6BEN5_view2,EI8K6BEN5,Disk1,0,18,15
Disk1_QVXKGM7UH_view2,QVXKGM7UH,Disk1,0,16,14
Disk1_2WQVQHYGH_view2,2WQVQHYGH,Disk1,0,20,30
Disk1_8HZJJ3ZVK_view2,8HZJJ3ZVK,Disk1,0,23,38
Disk1_R7BCWAC5Q_view2,R7BCWAC5Q,Disk1,0,22,18
Disk1_DWAE6L1LE_view2,DWAE6L1LE,Disk1,0,24,21
Disk1_E5XRBF5VS_view2,E5XRBF5VS,Disk1,0,31,39
Disk1_X409KHMVI_view2,X409KHMVI,Disk1,0,24,16
Disk1_KT698794G_view2,KT698794G,Disk1,0,27,20
Disk1_JSKA0SLGN_view2,JSKA0SLGN,Disk1,0,22,19
Disk1_YG7MPFKS1_view2,YG7MPFKS1,Disk1,0,24,16
Disk1_73RMILSXO_view2,73RMILSXO,Disk1,0,20,23
Disk1_4F6TMCAXR_view2,4F6TMCAXR,Disk1,0,17,17
Disk1_NTHSMD9DM_view2,NTHSMD9DM,Disk1,0,13,36
Disk1_59B5ZNX15_view2,59B5ZNX15,Disk1,0,24,22
Disk1_ZZ10WR7P4_view2,ZZ10WR7P4,Disk1,0,23,25
Disk1_O49DEQOSH_view2,O49DEQOSH,Disk1,0,24,30
Disk1_9LUR8JSQU_view2,9LUR8JSQU,Disk1,0,23,20
Disk1_GLP9APEW7_view2,GLP9APEW7,Disk1,0,12,33
Disk1_7DS3X9SXS_view2,7DS3X9SXS,Disk1,0,22,31
Disk1_5Z4B7AO66_view2,5Z4B7AO66,Disk1,0,24,34
Disk1_PDZVPFEL4_view2,PDZVPFEL4,Disk1,0,18,25
Disk1_SDLIMWGHX_view2,SDLIMWGHX,Disk1,0,16,29
Disk1_XLXQWOET4_view2,XLXQWOET4,Disk1,0,31,27
Disk1_JUKY24437_view2,JUKY24437,Disk1,0,23,28
Disk1_1GWRYM6UO_view2,1GWRYM6UO,Disk1,0,24,31
Disk1_IFR1GJP1P_view2,IFR1GJP1P,Disk1,0,26,34
Disk1_PYN1YC100_view2,PYN1YC100,Disk1,0,24,33
Disk1_2MT80V51F_view2,2MT80V51F,Disk1,0,31,23
Disk1_37XJO2YPJ_view2,37XJO2YPJ,Disk1,0,25,38
Disk1_477UU11WQ_view2,477UU11WQ,Disk1,0,32,39
Disk1_4WVZKO7AX_view2,4WVZKO7AX,Disk1,0,18,13
Disk1_20VQK56KK_view2,20VQK56KK,Disk1,0,18,24
Disk1_60L5M4PKF_view2,60L5M4PKF,Disk1,0,26,32
Disk1_7GYZKV9ZK_view2,7GYZKV9ZK,Disk1,0,28,26
Disk1_AU5EBEVTC_view2,AU5EBEVTC,Disk1,0,36,40
Disk1_6J7XBTXZ0_view2,6J7XBTXZ0,Disk1,0,31,26
Disk1_P2V9DTFAE_view3,P2V9DTFAE,Disk1,66,17,6
Disk1_CLJY6KFM1_view3,CLJY6KFM1,Disk1,66,15,6
Disk1_IISZZIR6V_view3,IISZZIR6V,Disk1,66,20,8
Disk1_OG19PGO6X_view3,OG19PGO6X,Disk1,66,16,9
Disk1_BERHZZ1RA_view3,BERHZZ1RA,Disk1,66,17,5
Disk1_UWY1L0YLQ_view3,UWY1L0YLQ,Disk1,66,18,10
Disk1_E5XRBF5VS_view3,E5XRBF5VS,Disk1,66,19,39
Disk1_KU3Y5TX8S_view3,KU3Y5TX8S,Disk1,66,13,11
Disk1_PKPJEE8OU_view3,PKPJEE8OU,Disk1,66,14,18
Disk1_UKPTMAAPL_view3,UKPTMAAPL,Disk1,66,16,8
Disk1_4FP9MRHBT_view3,4FP9MRHBT,Disk1,66,15,10
Disk1_0LZPDA5LA_view3,0LZPDA5LA,Disk1,66,15,14
Disk1_HBNRPCOSG_view3,HBNRPCOSG,Disk1,66,17,13
Disk1_8G2NVZHIM_view3,8G2NVZHIM,Disk1,66,12,11
Disk1_8HZJJ3ZVK_view3,8HZJJ3ZVK,Disk1,66,14,38
Disk1_EI8K6BEN5_view3,EI8K6BEN5,Disk1,66,14,15
Disk1_2WQVQHYGH_view3,2WQVQHYGH,Disk1,66,14,30
Disk1_QVXKGM7UH_view3,QVXKGM7UH,Disk1,66,14,14
Disk1_NTHSMD9DM_view3,NTHSMD9DM,Disk1,66,11,36
Disk1_DWAE6L1LE_view3,DWAE6L1LE,Disk1,66,14,21
Disk1_R7BCWAC5Q_view3,R7BCWAC5Q,Disk1,66,16,18
Disk1_JSKA0SLGN_view3,JSKA0SLGN,Disk1,66,15,19
Disk1_73RMILSXO_view3,73RMILSXO,Disk1,66,16,23
Disk1_YG7MPFKS1_view3,YG7MPFKS1,Disk1,66,14,16
Disk1_KT698794G_view3,KT698794G,Disk1,66,11,20
Disk1_4F6TMCAXR_view3,4F6TMCAXR,Disk1,66,15,17
Disk1_O49DEQOSH_view3,O49DEQOSH,Disk1,66,14,30
Disk1_X409KHMVI_view3,X409KHMVI,Disk1,66,14,16
Disk1_GLP9APEW7_view3,GLP9APEW7,Disk1,66,13,33
Disk1_ZZ10WR7P4_view3,ZZ10WR7P4,Disk1,66,15,25
Disk1_AU5EBEVTC_view3,AU5EBEVTC,Disk1,66,18,40
Disk1_37XJO2YPJ_view3,37XJO2YPJ,Disk1,66,14,38
Disk1_5Z4B7AO66_view3,5Z4B7AO66,Disk1,66,17,34
Disk1_9LUR8JSQU_view3,9LUR8JSQU,Disk1,66,13,20
Disk1_477UU11WQ_view3,477UU11WQ,Disk1,66,14,39
Disk1_59B5ZNX15_view3,59B5ZNX15,Disk1,66,15,22
Disk1_7DS3X9SXS_view3,7DS3X9SXS,Disk1,66,12,31
Disk1_SDLIMWGHX_view3,SDLIMWGHX,Disk1,66,14,29
Disk1_JUKY24437_view3,JUKY24437,Disk1,66,11,28
Disk1_XLXQWOET4_view3,XLXQWOET4,Disk1,66,12,27
Disk1_1GWRYM6UO_view3,1GWRYM6UO,Disk1,66,11,31
Disk1_PDZVPFEL4_view3,PDZVPFEL4,Disk1,66,14,25
Disk1_IFR1GJP1P_view3,IFR1GJP1P,Disk1,66,12,34
Disk1_PYN1YC100_view3,PYN1YC100,Disk1,66,14,33
Disk1_2MT80V51F_view3,2MT80V51F,Disk1,66,13,23
Disk1_60L5M4PKF_view3,60L5M4PKF,Disk1,66,16,32
Disk1_20VQK56KK_view3,20VQK56KK,Disk1,66,16,24
Disk1_7GYZKV9ZK_view3,7GYZKV9ZK,Disk1,66,10,26
Disk1_4WVZKO7AX_view3,4WVZKO7AX,Disk1,66,17,13
Disk1_6J7XBTXZ0_view3,6J7XBTXZ0,Disk1,66,12,26
Disk1_P2V9DTFAE_view4,P2V9DTFAE,Disk1,45,13,6
Disk1_CLJY6KFM1_view4,CLJY6KFM1,Disk1,45,11,6
Disk1_IISZZIR6V_view4,IISZZIR6V,Disk1,45,12,8
Disk1_OG19PGO6X_view4,OG19PGO6X,Disk1,45,11,9
Disk1_UWY1L0YLQ_view4,UWY1L0YLQ,Disk1,45,14,10
Disk1_BERHZZ1RA_view4,BERHZZ1RA,Disk1,45,13,5
Disk1_KU3Y5TX8S_view4,KU3Y5TX8S,Disk1,45,10,11
Disk1_PKPJEE8OU_view4,PKPJEE8OU,Disk1,45,9,18
Disk1_E5XRBF5VS_view4,E5XRBF5VS,Disk1,45,14,39
Disk1_4FP9MRHBT_view4,4FP9MRHBT,Disk1,45,12,10
Disk1_0LZPDA5LA_view4,0LZPDA5LA,Disk1,45,10,14
Disk1_8G2NVZHIM_view4,8G2NVZHIM,Disk1,45,10,11
Disk1_HBNRPCOSG_view4,HBNRPCOSG,Disk1,45,11,13
Disk1_EI8K6BEN5_view4,EI8K6BEN5,Disk1,45,12,15
Disk1_UKPTMAAPL_view4,UKPTMAAPL,Disk1,45,11,8
Disk1_8HZJJ3ZVK_view4,8HZJJ3ZVK,Disk1,45,9,38
Disk1_2WQVQHYGH_view4,2WQVQHYGH,Disk1,45,11,30
Disk1_QVXKGM7UH_view4,QVXKGM7UH,Disk1,45,12,14
Disk1_DWAE6L1LE_view4,DWAE6L1LE,Disk1,45,12,21
Disk1_JSKA0SLGN_view4,JSKA0SLGN,Disk1,45,11,19
Disk1_4F6TMCAXR_view4,4F6TMCAXR,Disk1,45,12,17
Disk1_YG7MPFKS1_view4,YG7MPFKS1,Disk1,45,11,16
Disk1_R7BCWAC5Q_view4,R7BCWAC5Q,Disk1,45,11,18
Disk1_KT698794G_view4,KT698794G,Disk1,45,9,20
Disk1_73RMILSXO_view4,73RMILSXO,Disk1,45,13,23
Disk1_NTHSMD9DM_view4,NTHSMD9DM,Disk1,45,10,36
Disk1_X409KHMVI_view4,X409KHMVI,Disk1,45,12,16
Disk1_O49DEQOSH_view4,O49DEQOSH,Disk1,45,13,30
Disk1_GLP9APEW7_view4,GLP9APEW7,Disk1,45,13,33
Disk1_ZZ10WR7P4_view4,ZZ10WR7P4,Disk1,45,14,25
Disk1_AU5EBEVTC_view4,AU5EBEVTC,Disk1,45,14,40
Disk1_9LUR8JSQU_view4,9LUR8JSQU,Disk1,45,10,20
Disk1_59B5ZNX15_view4,59B5ZNX15,Disk1,45,11,22
Disk1_PDZVPFEL4_view4,PDZVPFEL4,Disk1,45,9,25
Disk1_JUKY24437_view4,JUKY24437,Disk1,45,14,28
Disk1_37XJO2YPJ_view4,37XJO2YPJ,Disk1,45,12,38
Disk1_XLXQWOET4_view4,XLXQWOET4,Disk1,45,13,27
Disk1_5Z4B7AO66_view4,5Z4B7AO66,Disk1,45,12,34
Disk1_SDLIMWGHX_view4,SDLIMWGHX,Disk1,45,9,29
Disk1_7DS3X9SXS_view4,7DS3X9SXS,Disk1,45,11,31
Disk1_1GWRYM6UO_view4,1GWRYM6UO,Disk1,45,13,31
Disk1_477UU11WQ_view4,477UU11WQ,Disk1,45,13,39
Disk1_IFR1GJP1P_view4,IFR1GJP1P,Disk1,45,10,34
Disk1_PYN1YC100_view4,PYN1YC100,Disk1,45,11,33
Disk1_20VQK56KK_view4,20VQK56KK,Disk1,45,9,24
Disk1_2MT80V51F_view4,2MT80V51F,Disk1,45,12,23
Disk1_60L5M4PKF_view4,60L5M4PKF,Disk1,45,11,32
Disk1_7GYZKV9ZK_view4,7GYZKV9ZK,Disk1,45,13,26
Disk1_4WVZKO7AX_view4,4WVZKO7AX,Disk1,45,14,13
Disk1_6J7XBTXZ0_view4,6J7XBTXZ0,Disk1,45,12,26
Disk1_P2V9DTFAE_view5,P2V9DTFAE,Disk1,22,18,6
Disk1_IISZZIR6V_view5,IISZZIR6V,Disk1,22,20,8
Disk1_CLJY6KFM1_view5,CLJY6KFM1,Disk1,22,12,6
Disk1_UWY1L0YLQ_view5,UWY1L0YLQ,Disk1,22,14,10
Disk1_OG19PGO6X_view5,OG19PGO6X,Disk1,22,19,9
Disk1_BERHZZ1RA_view5,BERHZZ1RA,Disk1,22,16,5
Disk1_KU3Y5TX8S_view5,KU3Y5TX8S,Disk1,22,14,11
Disk1_PKPJEE8OU_view5,PKPJEE8OU,Disk1,22,16,18
Disk1_4FP9MRHBT_view5,4FP9MRHBT,Disk1,22,15,10
Disk1_0LZPDA5LA_view5,0LZPDA5LA,Disk1,22,16,14
Disk1_8G2NVZHIM_view5,8G2NVZHIM,Disk1,22,18,11
Disk1_HBNRPCOSG_view5,HBNRPCOSG,Disk1,22,17,13
Disk1_E5XRBF5VS_view5,E5XRBF5VS,Disk1,22,22,39
Disk1_EI8K6BEN5_view5,EI8K6BEN5,Disk1,22,18,15
Disk1_UKPTMAAPL_view5,UKPTMAAPL,Disk1,22,15,8
Disk1_QVXKGM7UH_view5,QVXKGM7UH,Disk1,22,15,14
Disk1_8HZJJ3ZVK_view5,8HZJJ3ZVK,Disk1,22,20,38
Disk1_2WQVQHYGH_view5,2WQVQHYGH,Disk1,22,18,30
Disk1_4F6TMCAXR_view5,4F6TMCAXR,Disk1,22,16,17
Disk1_JSKA0SLGN_view5,JSKA0SLGN,Disk1,22,13,19
Disk1_YG7MPFKS1_view5,YG7MPFKS1,Disk1,22,20,16
Disk1_DWAE6L1LE_view5,DWAE6L1LE,Disk1,22,13,21
Disk1_R7BCWAC5Q_view5,R7BCWAC5Q,Disk1,22,21,18
Disk1_X409KHMVI_view5,X409KHMVI,Disk1,22,18,16
Disk1_KT698794G_view5,KT698794G,Disk1,22,16,20
Disk1_73RMILSXO_view5,73RMILSXO,Disk1,22,19,23
Disk1_O49DEQOSH_view5,O49DEQOSH,Disk1,22,15,30
Disk1_NTHSMD9DM_view5,NTHSMD9DM,Disk1,22,18,36
Disk1_59B5ZNX15_view5,59B5ZNX15,Disk1,22,11,22
Disk1_GLP9APEW7_view5,GLP9APEW7,Disk1,22,18,33
Disk1_PDZVPFEL4_view5,PDZVPFEL4,Disk1,22,16,25
Disk1_ZZ10WR7P4_view5,ZZ10WR7P4,Disk1,22,15,25
Disk1_9LUR8JSQU_view5,9LUR8JSQU,Disk1,22,14,20
Disk1_JUKY24437_view5,JUKY24437,Disk1,22,14,28
Disk1_SDLIMWGHX_view5,SDLIMWGHX,Disk1,22,17,29
Disk1_XLXQWOET4_view5,XLXQWOET4,Disk1,22,13,27
Disk1_AU5EBEVTC_view5,AU5EBEVTC,Disk1,22,20,40
Disk1_7DS3X9SXS_view5,7DS3X9SXS,Disk1,22,16,31
Disk1_1GWRYM6UO_view5,1GWRYM6UO,Disk1,22,15,31
Disk1_5Z4B7AO66_view5,5Z4B7AO66,Disk1,22,18,34
Disk1_37XJO2YPJ_view5,37XJO2YPJ,Disk1,22,18,38
Disk1_PYN1YC100_view5,PYN1YC100,Disk1,22,18,33
Disk1_IFR1GJP1P_view5,IFR1GJP1P,Disk1,22,16,34
Disk1_20VQK56KK_view5,20VQK56KK,Disk1,22,13,24
Disk1_2MT80V51F_view5,2MT80V51F,Disk1,22,17,23
Disk1_477UU11WQ_view5,477UU11WQ,Disk1,22,21,39
Disk1_7GYZKV9ZK_view5,7GYZKV9ZK,Disk1,22,13,26
Disk1_60L5M4PKF_view5,60L5M4PKF,Disk1,22,17,32
Disk1_4WVZKO7AX_view5,4WVZKO7AX,Disk1,22,19,13
Disk1_6J7XBTXZ0_view5,6J7XBTXZ0,Disk1,22,16,26
Disk2_9G7H7NTQW_view1,9G7H7NTQW,Disk2,90,13,6
Disk2_PNS45L1KG_view1,PNS45L1KG,Disk2,90,16,6
Disk2_BZRQ7XLID_view1,BZRQ7XLID,Disk2,90,15,7
Disk2_4LBJR5A5S_view1,4LBJR5A5S,Disk2,90,17,5
Disk2_WM5AEQX3N_view1,WM5AEQX3N,Disk2,90,17,7
Disk2_W6MYFUK40_view1,W6MYFUK40,Disk2,90,15,5
Disk2_5UJIJGFQ7_view1,5UJIJGFQ7,Disk2,90,15,8
Disk2_A4KXPPR5C_view1,A4KXPPR5C,Disk2,90,17,8
Disk2_9BNVLK37W_view1,9BNVLK37W,Disk2,90,19,6
Disk2_UKMD9AYPQ_view1,UKMD9AYPQ,Disk2,90,16,8
Disk2_I3HAYE8TX_view1,I3HAYE8TX,Disk2,90,20,21
Disk2_K33S9JP8L_view1,K33S9JP8L,Disk2,90,17,22
Disk2_YGBTYGBJE_view1,YGBTYGBJE,Disk2,90,14,24
Disk2_EIH2YPWVT_view1,EIH2YPWVT,Disk2,90,13,23
Disk2_AE79SSY6T_view1,AE79SSY6T,Disk2,90,14,21
Disk2_TVKUGVUZV_view1,TVKUGVUZV,Disk2,90,15,23
Disk2_48NDEK2E2_view1,48NDEK2E2,Disk2,90,17,19
Disk2_RV7DIX69K_view1,RV7DIX69K,Disk2,90,14,9
Disk2_DSN1NK8TW_view1,DSN1NK8TW,Disk2,90,14,19
Disk2_NZX4N4SGP_view1,NZX4N4SGP,Disk2,90,14,11
Disk2_6I8PHRQW0_view1,6I8PHRQW0,Disk2,90,18,21
Disk2_IENFP1V6Z_view1,IENFP1V6Z,Disk2,90,16,9
Disk2_AVV4YS9AX_view1,AVV4YS9AX,Disk2,90,18,19
Disk2_L9VENL5GL_view1,L9VENL5GL,Disk2,90,18,10
Disk2_UOKMNPD67_view1,UOKMNPD67,Disk2,90,14,19
Disk2_0H4ZBW2IY_view1,0H4ZBW2IY,Disk2,90,18,24
Disk2_YW54T9Q33_view1,YW54T9Q33,Disk2,90,20,10
Disk2_HFOO6CMOC_view1,HFOO6CMOC,Disk2,90,16,22
Disk2_5Y5L2W7UX_view1,5Y5L2W7UX,Disk2,90,20,12
Disk2_8V1N3Y66Q_view1,8V1N3Y66Q,Disk2,90,20,12
Disk2_LPM6LP8MY_view1,LPM6LP8MY,Disk2,90,22,13
Disk2_C33VKLSZB_view1,C33VKLSZB,Disk2,90,21,14
Disk2_W5OLXE7S4_view1,W5OLXE7S4,Disk2,90,19,17
Disk2_BWRX4MXFU_view1,BWRX4MXFU,Disk2,90,21,15
Disk2_CEWD6GOX8_view1,CEWD6GOX8,Disk2,90,20,11
Disk2_5FQ2121Q1_view1,5FQ2121Q1,Disk2,90,22,15
Disk2_IC7BLROMY_view1,IC7BLROMY,Disk2,90,16,25
Disk2_TPNF1A6K0_view1,TPNF1A6K0,Disk2,90,26,15
Disk2_CFWXRAA0P_view1,CFWXRAA0P,Disk2,90,18,19
Disk2_J5JLH27AC_view1,J5JLH27AC,Disk2,90,23,13
Disk2_9AJ05H8IW_view1,9AJ05H8IW,Disk2,90,21,12
Disk2_LD0HQ2J8R_view1,LD0HQ2J8R,Disk2,90,21,15
Disk2_33S8ILGVD_view1,33S8ILGVD,Disk2,90,19,10
Disk2_VWUHQSHXU_view1,VWUHQSHXU,Disk2,90,25,13
Disk2_EVCQR0XRP_view1,EVCQR0XRP,Disk2,90,22,16
Disk2_IY5IFANIG_view1,IY5IFANIG,Disk2,90,20,17
Disk2_QZ2YRSJSX_view1,QZ2YRSJSX,Disk2,90,21,14
Disk2_EN2UE09R9_view1,EN2UE09R9,Disk2,90,25,17
Disk2_NDR1FTW7H_view1,NDR1FTW7H,Disk2,90,19,18
Disk2_WPSWUUUWQ_view1,WPSWUUUWQ,Disk2,90,19,17
Disk2_9G7H7NTQW_view2,9G7H7NTQW,Disk2,0,16,6
Disk2_PNS45L1KG_view2,PNS45L1KG,Disk2,0,17,6
Disk2_4LBJR5A5S_view2,4LBJR5A5S,Disk2,0,15,5
Disk2_BZRQ7XLID_view2,BZRQ7XLID,Disk2,0,17,7
Disk2_WM5AEQX3N_view2,WM5AEQX3N,Disk2,0,16,7
Disk2_W6MYFUK40_view2,W6MYFUK40,Disk2,0,13,5
Disk2_A4KXPPR5C_view2,A4KXPPR5C,Disk2,0,17,8
Disk2_5UJIJGFQ7_view2,5UJIJGFQ7,Disk2,0,17,8
Disk2_9BNVLK37W_view2,9BNVLK37W,Disk2,0,16,6
Disk2_UKMD9AYPQ_view2,UKMD9AYPQ,Disk2,0,19,8
Disk2_YGBTYGBJE_view2,YGBTYGBJE,Disk2,0,34,24
Disk2_RV7DIX69K_view2,RV7DIX69K,Disk2,0,14,9
Disk2_L9VENL5GL_view2,L9VENL5GL,Disk2,0,17,10
Disk2_NZX4N4SGP_view2,NZX4N4SGP,Disk2,0,22,11
Disk2_I3HAYE8TX_view2,I3HAYE8TX,Disk2,0,31,21
Disk2_K33S9JP8L_view2,K33S9JP8L,Disk2,0,30,22
Disk2_IENFP1V6Z_view2,IENFP1V6Z,Disk2,0,15,9
Disk2_48NDEK2E2_view2,48NDEK2E2,Disk2,0,28,19
Disk2_AE79SSY6T_view2,AE79SSY6T,Disk2,0,29,21
Disk2_AVV4YS9AX_view2,AVV4YS9AX,Disk2,0,27,19
Disk2_EIH2YPWVT_view2,EIH2YPWVT,Disk2,0,32,23
Disk2_TVKUGVUZV_view2,TVKUGVUZV,Disk2,0,28,23
Disk2_DSN1NK8TW_view2,DSN1NK8TW,Disk2,0,25,19
Disk2_YW54T9Q33_view2,YW54T9Q33,Disk2,0,19,10
Disk2_UOKMNPD67_view2,UOKMNPD67,Disk2,0,22,19
Disk2_6I8PHRQW0_view2,6I8PHRQW0,Disk2,0,28,21
Disk2_0H4ZBW2IY_view2,0H4ZBW2IY,Disk2,0,33,24
Disk2_5Y5L2W7UX_view2,5Y5L2W7UX,Disk2,0,19,12
Disk2_8V1N3Y66Q_view2,8V1N3Y66Q,Disk2,0,15,12
Disk2_HFOO6CMOC_view2,HFOO6CMOC,Disk2,0,29,22
Disk2_LPM6LP8MY_view2,LPM6LP8MY,Disk2,0,14,13
Disk2_C33VKLSZB_view2,C33VKLSZB,Disk2,0,20,14
Disk2_BWRX4MXFU_view2,BWRX4MXFU,Disk2,0,18,15
Disk2_TPNF1A6K0_view2,TPNF1A6K0,Disk2,0,24,15
Disk2_W5OLXE7S4_view2,W5OLXE7S4,Disk2,0,22,17
Disk2_5FQ2121Q1_view2,5FQ2121Q1,Disk2,0,19,15
Disk2_CEWD6GOX8_view2,CEWD6GOX8,Disk2,0,25,11
Disk2_IC7BLROMY_view2,IC7BLROMY,Disk2,0,36,25
Disk2_J5JLH27AC_view2,J5JLH27AC,Disk2,0,16,13
Disk2_9AJ05H8IW_view2,9AJ05H8IW,Disk2,0,21,12
Disk2_VWUHQSHXU_view2,VWUHQSHXU,Disk2,0,18,13
Disk2_LD0HQ2J8R_view2,LD0HQ2J8R,Disk2,0,21,15
Disk2_CFWXRAA0P_view2,CFWXRAA0P,Disk2,0,26,19
Disk2_33S8ILGVD_view2,33S8ILGVD,Disk2,0,19,10
Disk2_QZ2YRSJSX_view2,QZ2YRSJSX,Disk2,0,16,14
Disk2_IY5IFANIG_view2,IY5IFANIG,Disk2,0,19,17
Disk2_EVCQR0XRP_view2,EVCQR0XRP,Disk2,0,17,16
Disk2_EN2UE09R9_view2,EN2UE09R9,Disk2,0,21,17
Disk2_NDR1FTW7H_view2,NDR1FTW7H,Disk2,0,20,18
Disk2_WPSWUUUWQ_view2,WPSWUUUWQ,Disk2,0,13,17
Disk2_9G7H7NTQW_view3,9G7H7NTQW,Disk2,66,14,6
Disk2_PNS45L1KG_view3,PNS45L1KG,Disk2,66,20,6
Disk2_4LBJR5A5S_view3,4LBJR5A5S,Disk2,66,18,5
Disk2_BZRQ7XLID_view3,BZRQ7XLID,Disk2,66,21,7
Disk2_WM5AEQX3N_view3,WM5AEQX3N,Disk2,66,17,7
Disk2_A4KXPPR5C_view3,A4KXPPR5C,Disk2,66,26,8
Disk2_W6MYFUK40_view3,W6MYFUK40,Disk2,66,12,5
Disk2_5UJIJGFQ7_view3,5UJIJGFQ7,Disk2,66,19,8
Disk2_9BNVLK37W_view3,9BNVLK37W,Disk2,66,20,6
Disk2_UKMD9AYPQ_view3,UKMD9AYPQ,Disk2,66,21,8
Disk2_YGBTYGBJE_view3,YGBTYGBJE,Disk2,66,18,24
Disk2_K33S9JP8L_view3,K33S9JP8L,Disk2,66,13,22
Disk2_RV7DIX69K_view3,RV7DIX69K,Disk2,66,20,9
Disk2_L9VENL5GL_view3,L9VENL5GL,Disk2,66,25,10
Disk2_I3HAYE8TX_view3,I3HAYE8TX,Disk2,66,13,21
Disk2_EIH2YPWVT_view3,EIH2YPWVT,Disk2,66,13,23
Disk2_0H4ZBW2IY_view3,0H4ZBW2IY,Disk2,66,22,24
Disk2_NZX4N4SGP_view3,NZX4N4SGP,Disk2,66,23,11
Disk2_48NDEK2E2_view3,48NDEK2E2,Disk2,66,12,19
Disk2_AE79SSY6T_view3,AE79SSY6T,Disk2,66,14,21
Disk2_TVKUGVUZV_view3,TVKUGVUZV,Disk2,66,18,23
Disk2_AVV4YS9AX_view3,AVV4YS9AX,Disk2,66,15,19
Disk2_IENFP1V6Z_view3,IENFP1V6Z,Disk2,66,19,9
Disk2_DSN1NK8TW_view3,DSN1NK8TW,Disk2,66,16,19
Disk2_UOKMNPD67_view3,UOKMNPD67,Disk2,66,13,19
Disk2_YW54T9Q33_view3,YW54T9Q33,Disk2,66,20,10
Disk2_HFOO6CMOC_view3,HFOO6CMOC,Disk2,66,13,22
Disk2_6I8PHRQW0_view3,6I8PHRQW0,Disk2,66,13,21
Disk2_5Y5L2W7UX_view3,5Y5L2W7UX,Disk2,66,17,12
Disk2_IC7BLROMY_view3,IC7BLROMY,Disk2,66,17,25
Disk2_LPM6LP8MY_view3,LPM6LP8MY,Disk2,66,24,13
Disk2_8V1N3Y66Q_view3,8V1N3Y66Q,Disk2,66,20,12
Disk2_C33VKLSZB_view3,C33VKLSZB,Disk2,66,26,14
Disk2_BWRX4MXFU_view3,BWRX4MXFU,Disk2,66,28,15
Disk2_TPNF1A6K0_view3,TPNF1A6K0,Disk2,66,21,15
Disk2_W5OLXE7S4_view3,W5OLXE7S4,Disk2,66,16,17
Disk2_5FQ2121Q1_view3,5FQ2121Q1,Disk2,66,23,15
Disk2_9AJ05H8IW_view3,9AJ05H8IW,Disk2,66,25,12
Disk2_CEWD6GOX8_view3,CEWD6GOX8,Disk2,66,26,11
Disk2_J5JLH27AC_view3,J5JLH27AC,Disk2,66,25,13
Disk2_VWUHQSHXU_view3,VWUHQSHXU,Disk2,66,33,13
Disk2_LD0HQ2J8R_view3,LD0HQ2J8R,Disk2,66,19,15
Disk2_CFWXRAA0P_view3,CFWXRAA0P,Disk2,66,19,19
Disk2_IY5IFANIG_view3,IY5IFANIG,Disk2,66,16,17
Disk2_QZ2YRSJSX_view3,QZ2YRSJSX,Disk2,66,21,14
Disk2_33S8ILGVD_view3,33S8ILGVD,Disk2,66,29,10
Disk2_EVCQR0XRP_view3,EVCQR0XRP,Disk2,66,23,16
Disk2_EN2UE09R9_view3,EN2UE09R9,Disk2,66,16,17
Disk2_WPSWUUUWQ_view3,WPSWUUUWQ,Disk2,66,22,17
Disk2_NDR1FTW7H_view3,NDR1FTW7H,Disk2,66,15,18
Disk2_9G7H7NTQW_view4,9G7H7NTQW,Disk2,45,13,6
Disk2_PNS45L1KG_view4,PNS45L1KG,Disk2,45,14,6
Disk2_4LBJR5A5S_view4,4LBJR5A5S,Disk2,45,12,5
Disk2_BZRQ7XLID_view4,BZRQ7XLID,Disk2,45,10,7
Disk2_A4KXPPR5C_view4,A4KXPPR5C,Disk2,45,15,8
Disk2_WM5AEQX3N_view4,WM5AEQX3N,Disk2,45,12,7
Disk2_W6MYFUK40_view4,W6MYFUK40,Disk2,45,12,5
Disk2_5UJIJGFQ7_view4,5UJIJGFQ7,Disk2,45,14,8
Disk2_9BNVLK37W_view4,9BNVLK37W,Disk2,45,15,6
Disk2_YGBTYGBJE_view4,YGBTYGBJE,Disk2,45,12,24
Disk2_UKMD9AYPQ_view4,UKMD9AYPQ,Disk2,45,15,8
Disk2_L9VENL5GL_view4,L9VENL5GL,Disk2,45,15,10
Disk2_0H4ZBW2IY_view4,0H4ZBW2IY,Disk2,45,12,24
Disk2_RV7DIX69K_view4,RV7DIX69K,Disk2,45,10,9
Disk2_K33S9JP8L_view4,K33S9JP8L,Disk2,45,9,22
Disk2_I3HAYE8TX_view4,I3HAYE8TX,Disk2,45,12,21
Disk2_NZX4N4SGP_view4,NZX4N4SGP,Disk2,45,12,11
Disk2_EIH2YPWVT_view4,EIH2YPWVT,Disk2,45,18,23
Disk2_48NDEK2E2_view4,48NDEK2E2,Disk2,45,14,19
Disk2_AVV4YS9AX_view4,AVV4YS9AX,Disk2,45,13,19
Disk2_AE79SSY6T_view4,AE79SSY6T,Disk2,45,9,21
Disk2_TVKUGVUZV_view4,TVKUGVUZV,Disk2,45,13,23
Disk2_IENFP1V6Z_view4,IENFP1V6Z,Disk2,45,14,9
Disk2_HFOO6CMOC_view4,HFOO6CMOC,Disk2,45,12,22
Disk2_DSN1NK8TW_view4,DSN1NK8TW,Disk2,45,12,19
Disk2_YW54T9Q33_view4,YW54T9Q33,Disk2,45,17,10
Disk2_UOKMNPD67_view4,UOKMNPD67,Disk2,45,14,19
Disk2_6I8PHRQW0_view4,6I8PHRQW0,Disk2,45,12,21
Disk2_IC7BLROMY_view4,IC7BLROMY,Disk2,45,13,25
Disk2_5Y5L2W7UX_view4,5Y5L2W7UX,Disk2,45,18,12
Disk2_LPM6LP8MY_view4,LPM6LP8MY,Disk2,45,19,13
Disk2_8V1N3Y66Q_view4,8V1N3Y66Q,Disk2,45,17,12
Disk2_C33VKLSZB_view4,C33VKLSZB,Disk2,45,14,14
Disk2_BWRX4MXFU_view4,BWRX4MXFU,Disk2,45,22,15
Disk2_TPNF1A6K0_view4,TPNF1A6K0,Disk2,45,17,15
Disk2_5FQ2121Q1_view4,5FQ2121Q1,Disk2,45,14,15
Disk2_W5OLXE7S4_view4,W5OLXE7S4,Disk2,45,13,17
Disk2_9AJ05H8IW_view4,9AJ05H8IW,Disk2,45,25,12
Disk2_CEWD6GOX8_view4,CEWD6GOX8,Disk2,45,17,11
Disk2_VWUHQSHXU_view4,VWUHQSHXU,Disk2,45,24,13
Disk2_J5JLH27AC_view4,J5JLH27AC,Disk2,45,12,13
Disk2_LD0HQ2J8R_view4,LD0HQ2J8R,Disk2,45,17,15
Disk2_IY5IFANIG_view4,IY5IFANIG,Disk2,45,9,17
Disk2_CFWXRAA0P_view4,CFWXRAA0P,Disk2,45,11,19
Disk2_QZ2YRSJSX_view4,QZ2YRSJSX,Disk2,45,19,14
Disk2_EVCQR0XRP_view4,EVCQR0XRP,Disk2,45,19,16
Disk2_33S8ILGVD_view4,33S8ILGVD,Disk2,45,18,10
Disk2_EN2UE09R9_view4,EN2UE09R9,Disk2,45,13,17
Disk2_WPSWUUUWQ_view4,WPSWUUUWQ,Disk2,45,14,17
Disk2_NDR1FTW7H_view4,NDR1FTW7H,Disk2,45,12,18
Disk2_9G7H7NTQW_view5,9G7H7NTQW,Disk2,22,16,6
Disk2_PNS45L1KG_view5,PNS45L1KG,Disk2,22,16,6
Disk2_4LBJR5A5S_view5,4LBJR5A5S,Disk2,22,18,5
Disk2_BZRQ7XLID_view5,BZRQ7XLID,Disk2,22,18,7
Disk2_A4KXPPR5C_view5,A4KXPPR5C,Disk2,22,17,8
Disk2_WM5AEQX3N_view5,WM5AEQX3N,Disk2,22,15,7
Disk2_W6MYFUK40_view5,W6MYFUK40,Disk2,22,15,5
Disk2_9BNVLK37W_view5,9BNVLK37W,Disk2,22,19,6
Disk2_5UJIJGFQ7_view5,5UJIJGFQ7,Disk2,22,19,8
Disk2_YGBTYGBJE_view5,YGBTYGBJE,Disk2,22,22,24
Disk2_UKMD9AYPQ_view5,UKMD9AYPQ,Disk2,22,18,8
Disk2_L9VENL5GL_view5,L9VENL5GL,Disk2,22,19,10
Disk2_RV7DIX69K_view5,RV7DIX69K,Disk2,22,18,9
Disk2_0H4ZBW2IY_view5,0H4ZBW2IY,Disk2,22,26,24
Disk2_NZX4N4SGP_view5,NZX4N4SGP,Disk2,22,21,11
Disk2_K33S9JP8L_view5,K33S9JP8L,Disk2,22,19,22
Disk2_I3HAYE8TX_view5,I3HAYE8TX,Disk2,22,17,21
Disk2_EIH2YPWVT_view5,EIH2YPWVT,Disk2,22,26,23
Disk2_48NDEK2E2_view5,48NDEK2E2,Disk2,22,25,19
Disk2_AVV4YS9AX_view5,AVV4YS9AX,Disk2,22,19,19
Disk2_IENFP1V6Z_view5,IENFP1V6Z,Disk2,22,22,9
Disk2_AE79SSY6T_view5,AE79SSY6T,Disk2,22,23,21
Disk2_HFOO6CMOC_view5,HFOO6CMOC,Disk2,22,22,22
Disk2_TVKUGVUZV_view5,TVKUGVUZV,Disk2,22,23,23
Disk2_YW54T9Q33_view5,YW54T9Q33,Disk2,22,24,10
Disk2_DSN1NK8TW_view5,DSN1NK8TW,Disk2,22,19,19
Disk2_UOKMNPD67_view5,UOKMNPD67,Disk2,22,17,19
Disk2_5Y5L2W7UX_view5,5Y5L2W7UX,Disk2,22,24,12
Disk2_IC7BLROMY_view5,IC7BLROMY,Disk2,22,28,25
Disk2_6I8PHRQW0_view5,6I8PHRQW0,Disk2,22,24,21
Disk2_LPM6LP8MY_view5,LPM6LP8MY,Disk2,22,25,13
Disk2_8V1N3Y66Q_view5,8V1N3Y66Q,Disk2,22,17,12
Disk2_C33VKLSZB_view5,C33VKLSZB,Disk2,22,19,14
Disk2_BWRX4MXFU_view5,BWRX4MXFU,Disk2,22,23,15
Disk2_TPNF1A6K0_view5,TPNF1A6K0,Disk2,22,23,15
Disk2_5FQ2121Q1_view5,5FQ2121Q1,Disk2,22,15,15
Disk2_W5OLXE7S4_view5,W5OLXE7S4,Disk2,22,18,17
Disk2_9AJ05H8IW_view5,9AJ05H8IW,Disk2,22,21,12
Disk2_CEWD6GOX8_view5,CEWD6GOX8,Disk2,22,25,11
Disk2_VWUHQSHXU_view5,VWUHQSHXU,Disk2,22,23,13
Disk2_J5JLH27AC_view5,J5JLH27AC,Disk2,22,22,13
Disk2_LD0HQ2J8R_view5,LD0HQ2J8R,Disk2,22,22,15
Disk2_IY5IFANIG_view5,IY5IFANIG,Disk2,22,19,17
Disk2_CFWXRAA0P_view5,CFWXRAA0P,Disk2,22,18,19
Disk2_QZ2YRSJSX_view5,QZ2YRSJSX,Disk2,22,18,14
Disk2_EVCQR0XRP_view5,EVCQR0XRP,Disk2,22,18,16
Disk2_EN2UE09R9_view5,EN2UE09R9,Disk2,22,19,17
Disk2_33S8ILGVD_view5,33S8ILGVD,Disk2,22,21,10
Disk2_WPSWUUUWQ_view5,WPSWUUUWQ,Disk2,22,20,17
Disk2_NDR1FTW7H_view5,NDR1FTW7H,Disk2,22,20,18
Sphere1_YM90IAIET_view1,YM90IAIET,Sphere1,90,194,170
Sphere1_OLJQUAIL1_view1,OLJQUAIL1,Sphere1,90,183,165
Sphere1_C2STT0R2O_view1,C2STT0R2O,Sphere1,90,211,191
Sphere1_YM90IAIET_view2,YM90IAIET,Sphere1,0,63,170
Sphere1_OLJQUAIL1_view2,OLJQUAIL1,Sphere1,0,60,165
Sphere1_C2STT0R2O_view2,C2STT0R2O,Sphere1,0,68,191
Sphere1_YM90IAIET_view3,YM90IAIET,Sphere1,66,177,170
Sphere1_OLJQUAIL1_view3,OLJQUAIL1,Sphere1,66,178,165
Sphere1_C2STT0R2O_view3,C2STT0R2O,Sphere1,66,180,191
Sphere1_YM90IAIET_view4,YM90IAIET,Sphere1,45,152,170
Sphere1_OLJQUAIL1_view4,OLJQUAIL1,Sphere1,45,147,165
Sphere1_C2STT0R2O_view4,C2STT0R2O,Sphere1,45,146,191
Sphere1_YM90IAIET_view5,YM90IAIET,Sphere1,22,132,170
Sphere1_OLJQUAIL1_view5,OLJQUAIL1,Sphere1,22,130,165
Sphere1_C2STT0R2O_view5,C2STT0R2O,Sphere1,22,128,191
Sphere1_L5QBJQ4J0_view1,L5QBJQ4J0,Sphere1,90,220,212
Sphere1_X3P5ZEAHX_view1,X3P5ZEAHX,Sphere1,90,259,421
Sphere1_VFXWVVYXE_view1,VFXWVVYXE,Sphere1,90,262,893
Sphere1_BQK1GPSB5_view1,BQK1GPSB5,Sphere1,90,289,874
Sphere1_L5QBJQ4J0_view2,L5QBJQ4J0,Sphere1,0,70,212
Sphere1_X3P5ZEAHX_view2,X3P5ZEAHX,Sphere1,0,98,421
Sphere1_VFXWVVYXE_view2,VFXWVVYXE,Sphere1,0,147,893
Sphere1_BQK1GPSB5_view2,BQK1GPSB5,Sphere1,0,147,874
Sphere1_L5QBJQ4J0_view3,L5QBJQ4J0,Sphere1,66,186,212
Sphere1_X3P5ZEAHX_view3,X3P5ZEAHX,Sphere1,66,210,421
Sphere1_VFXWVVYXE_view3,VFXWVVYXE,Sphere1,66,227,893
Sphere1_BQK1GPSB5_view3,BQK1GPSB5,Sphere1,66,224,874
Sphere1_L5QBJQ4J0_view4,L5QBJQ4J0,Sphere1,45,150,212
Sphere1_X3P5ZEAHX_view4,X3P5ZEAHX,Sphere1,45,179,421
Sphere1_VFXWVVYXE_view4,VFXWVVYXE,Sphere1,45,217,893
Sphere1_BQK1GPSB5_view4,BQK1GPSB5,Sphere1,45,209,874
Sphere1_L5QBJQ4J0_view5,L5QBJQ4J0,Sphere1,22,141,212
Sphere1_X3P5ZEAHX_view5,X3P5ZEAHX,Sphere1,22,177,421
Sphere1_VFXWVVYXE_view5,VFXWVVYXE,Sphere1,22,211,893
Sphere1_BQK1GPSB5_view5,BQK1GPSB5,Sphere1,22,210,874
Sphere1_6BC52LY03_view1,6BC52LY03,Sphere1,90,81,68
Sphere1_4K8TN3568_view1,4K8TN3568,Sphere1,90,256,402
Sphere1_3Q4PQTHOB_view1,3Q4PQTHOB,Sphere1,90,261,653
Sphere1_8A9TI2WQ7_view1,8A9TI2WQ7,Sphere1,90,275,882
Sphere1_6BC52LY03_view2,6BC52LY03,Sphere1,0,54,68
Sphere1_4K8TN3568_view2,4K8TN3568,Sphere1,0,93,402
Sphere1_2U5WUV994_view1,2U5WUV994,Sphere1,90,261,636
Sphere1_2VVPEOJCT_view1,2VVPEOJCT,Sphere1,90,257,978
Sphere1_5ISRX8WX7_view1,5ISRX8WX7,Sphere1,90,254,960
Sphere1_3Q4PQTHOB_view2,3Q4PQTHOB,Sphere1,0,116,653
Sphere1_8A9TI2WQ7_view2,8A9TI2WQ7,Sphere1,0,151,882
Sphere1_6BC52LY03_view3,6BC52LY03,Sphere1,66,89,68
Sphere1_BWRPH9NZR_view1,BWRPH9NZR,Sphere1,90,267,1001
Sphere1_PZYC0E03A_view1,PZYC0E03A,Sphere1,90,252,709
Sphere1_4K8TN3568_view3,4K8TN3568,Sphere1,66,205,402
Sphere1_2U5WUV994_view2,2U5WUV994,Sphere1,0,118,636
Sphere1_2VVPEOJCT_view2,2VVPEOJCT,Sphere1,0,147,978
Sphere1_5ISRX8WX7_view2,5ISRX8WX7,Sphere1,0,162,960
Sphere1_3Q4PQTHOB_view3,3Q4PQTHOB,Sphere1,66,217,653
Sphere1_6BC52LY03_view4,6BC52LY03,Sphere1,45,78,68
Sphere1_8A9TI2WQ7_view3,8A9TI2WQ7,Sphere1,66,225,882
Sphere1_IM4V1DJEB_view1,IM4V1DJEB,Sphere1,90,255,1028
Sphere1_BWRPH9NZR_view2,BWRPH9NZR,Sphere1,0,162,1001
Sphere1_4K8TN3568_view4,4K8TN3568,Sphere1,45,169,402
Sphere1_PZYC0E03A_view2,PZYC0E03A,Sphere1,0,121,709
Sphere1_2U5WUV994_view3,2U5WUV994,Sphere1,66,217,636
Sphere1_2VVPEOJCT_view3,2VVPEOJCT,Sphere1,66,235,978
Sphere1_5ISRX8WX7_view3,5ISRX8WX7,Sphere1,66,230,960
Sphere1_6BC52LY03_view5,6BC52LY03,Sphere1,22,78,68
Sphere1_3Q4PQTHOB_view4,3Q4PQTHOB,Sphere1,45,197,653
Sphere1_8A9TI2WQ7_view4,8A9TI2WQ7,Sphere1,45,217,882
Sphere1_IM4V1DJEB_view2,IM4V1DJEB,Sphere1,0,162,1028
Sphere1_BWRPH9NZR_view3,BWRPH9NZR,Sphere1,66,241,1001
Sphere1_4K8TN3568_view5,4K8TN3568,Sphere1,22,178,402
Sphere1_2U5WUV994_view4,2U5WUV994,Sphere1,45,200,636
Sphere1_5ISRX8WX7_view4,5ISRX8WX7,Sphere1,45,225,960
Sphere1_2VVPEOJCT_view4,2VVPEOJCT,Sphere1,45,211,978
Sphere1_PZYC0E03A_view3,PZYC0E03A,Sphere1,66,225,709
Sphere1_3Q4PQTHOB_view5,3Q4PQTHOB,Sphere1,22,191,653
Sphere1_8A9TI2WQ7_view5,8A9TI2WQ7,Sphere1,22,220,882
Sphere1_BWRPH9NZR_view4,BWRPH9NZR,Sphere1,45,221,1001
Sphere1_8B8X52UMJ_view1,8B8X52UMJ,Sphere1,90,264,518
Sphere1_2U5WUV994_view5,2U5WUV994,Sphere1,22,194,636
Sphere1_5ISRX8WX7_view5,5ISRX8WX7,Sphere1,22,220,960
Sphere1_2VVPEOJCT_view5,2VVPEOJCT,Sphere1,22,216,978
Sphere1_IWV33ZLSW_view1,IWV33ZLSW,Sphere1,90,268,617
Sphere1_IM4V1DJEB_view3,IM4V1DJEB,Sphere1,66,218,1028
Sphere1_M17VBMOXP_view1,M17VBMOXP,Sphere1,90,249,567
Sphere1_DZKSYUNXE_view1,DZKSYUNXE,Sphere1,90,250,486
Sphere1_XH3AUM68Y_view1,XH3AUM68Y,Sphere1,90,219,207
Sphere1_NLL4ZD1OF_view1,NLL4ZD1OF,Sphere1,90,247,503
Sphere1_GWR1C9TVA_view1,GWR1C9TVA,Sphere1,90,245,753
Sphere1_F9WPTSZP6_view1,F9WPTSZP6,Sphere1,90,233,295
Sphere1_5QYN7Y5UM_view1,5QYN7Y5UM,Sphere1,90,236,276
Sphere1_PZYC0E03A_view4,PZYC0E03A,Sphere1,45,188,709
Sphere1_8B8X52UMJ_view2,8B8X52UMJ,Sphere1,0,102,518
Sphere1_09ALO2445_view1,09ALO2445,Sphere1,90,248,419
Sphere1_P6C2OZB0K_view1,P6C2OZB0K,Sphere1,90,262,540
Sphere1_BWRPH9NZR_view5,BWRPH9NZR,Sphere1,22,222,1001
Sphere1_ZKZXTTU4V_view1,ZKZXTTU4V,Sphere1,90,156,115
Sphere1_IWV33ZLSW_view2,IWV33ZLSW,Sphere1,0,112,617
Sphere1_K7G8CQJMA_view1,K7G8CQJMA,Sphere1,90,272,842
Sphere1_V0WGJ25PE_view1,V0WGJ25PE,Sphere1,90,255,735
Sphere1_C0F2MT4I8_view1,C0F2MT4I8,Sphere1,90,272,797
Sphere1_0F5SGWN3M_view1,0F5SGWN3M,Sphere1,90,242,301
Sphere1_DZKSYUNXE_view2,DZKSYUNXE,Sphere1,0,109,486
Sphere1_M17VBMOXP_view2,M17VBMOXP,Sphere1,0,104,567
Sphere1_XH3AUM68Y_view2,XH3AUM68Y,Sphere1,0,69,207
Sphere1_NLL4ZD1OF_view2,NLL4ZD1OF,Sphere1,0,100,503
Sphere1_09CV3IWJJ_view1,09CV3IWJJ,Sphere1,90,254,769
Sphere1_F9WPTSZP6_view2,F9WPTSZP6,Sphere1,0,77,295
Sphere1_GWR1C9TVA_view2,GWR1C9TVA,Sphere1,0,122,753
Sphere1_R5EL7LBSW_view1,R5EL7LBSW,Sphere1,90,246,401
Sphere1_5QYN7Y5UM_view2,5QYN7Y5UM,Sphere1,0,74,276
Sphere1_TRRBIBGW8_view1,TRRBIBGW8,Sphere1,90,243,430
Sphere1_HGFKXUSRE_view1,HGFKXUSRE,Sphere1,90,247,790
Sphere1_O9LW3E9NN_view1,O9LW3E9NN,Sphere1,90,266,638
Sphere1_09ALO2445_view2,09ALO2445,Sphere1,0,102,419
Sphere1_ZKZXTTU4V_view2,ZKZXTTU4V,Sphere1,0,60,115
Sphere1_P6C2OZB0K_view2,P6C2OZB0K,Sphere1,0,108,540
Sphere1_8B8X52UMJ_view3,8B8X52UMJ,Sphere1,66,211,518
Sphere1_IM4V1DJEB_view4,IM4V1DJEB,Sphere1,45,223,1028
Sphere1_K7G8CQJMA_view2,K7G8CQJMA,Sphere1,0,143,842
Sphere1_V0WGJ25PE_view2,V0WGJ25PE,Sphere1,0,128,735
Sphere1_IWV33ZLSW_view3,IWV33ZLSW,Sphere1,66,209,617
Sphere1_PZYC0E03A_view5,PZYC0E03A,Sphere1,22,193,709
Sphere1_C0F2MT4I8_view2,C0F2MT4I8,Sphere1,0,137,797
Sphere1_0F5SGWN3M_view2,0F5SGWN3M,Sphere1,0,86,301
Sphere1_DP63MKML2_view1,DP63MKML2,Sphere1,90,268,808
Sphere1_DZKSYUNXE_view3,DZKSYUNXE,Sphere1,66,193,486
Sphere1_M17VBMOXP_view3,M17VBMOXP,Sphere1,66,213,567
Sphere1_09CV3IWJJ_view2,09CV3IWJJ,Sphere1,0,131,769
Sphere1_XH3AUM68Y_view3,XH3AUM68Y,Sphere1,66,188,207
Sphere1_NLL4ZD1OF_view3,NLL4ZD1OF,Sphere1,66,204,503
Sphere1_R5EL7LBSW_view2,R5EL7LBSW,Sphere1,0,91,401
Sphere1_L57GY4D4J_view1,L57GY4D4J,Sphere1,90,238,263
Sphere1_F9WPTSZP6_view3,F9WPTSZP6,Sphere1,66,184,295
Sphere1_GWR1C9TVA_view3,GWR1C9TVA,Sphere1,66,223,753
Sphere1_TRRBIBGW8_view2,TRRBIBGW8,Sphere1,0,101,430
Sphere1_5QYN7Y5UM_view3,5QYN7Y5UM,Sphere1,66,182,276
Sphere1_HGFKXUSRE_view2,HGFKXUSRE,Sphere1,0,136,790
Sphere1_O9LW3E9NN_view2,O9LW3E9NN,Sphere1,0,119,638
Sphere1_09ALO2445_view3,09ALO2445,Sphere1,66,194,419
Sphere1_ZKZXTTU4V_view3,ZKZXTTU4V,Sphere1,66,158,115
Sphere1_8B8X52UMJ_view4,8B8X52UMJ,Sphere1,45,181,518
Sphere1_P6C2OZB0K_view3,P6C2OZB0K,Sphere1,66,217,540
Sphere1_K7G8CQJMA_view3,K7G8CQJMA,Sphere1,66,221,842
Sphere1_IWV33ZLSW_view4,IWV33ZLSW,Sphere1,45,175,617
Sphere1_V0WGJ25PE_view3,V0WGJ25PE,Sphere1,66,233,735
Sphere1_C0F2MT4I8_view3,C0F2MT4I8,Sphere1,66,219,797
Sphere1_DP63MKML2_view2,DP63MKML2,Sphere1,0,126,808
Sphere1_DZKSYUNXE_view4,DZKSYUNXE,Sphere1,45,169,486
Sphere1_M17VBMOXP_view4,M17VBMOXP,Sphere1,45,193,567
Sphere1_09CV3IWJJ_view3,09CV3IWJJ,Sphere1,66,219,769
Sphere1_0F5SGWN3M_view3,0F5SGWN3M,Sphere1,66,199,301
Sphere1_XH3AUM68Y_view4,XH3AUM68Y,Sphere1,45,146,207
Sphere1_L57GY4D4J_view2,L57GY4D4J,Sphere1,0,75,263
Sphere1_NLL4ZD1OF_view4,NLL4ZD1OF,Sphere1,45,185,503
Sphere1_F9WPTSZP6_view4,F9WPTSZP6,Sphere1,45,163,295
Sphere1_GWR1C9TVA_view4,GWR1C9TVA,Sphere1,45,207,753
Sphere1_IM4V1DJEB_view5,IM4V1DJEB,Sphere1,22,227,1028
Sphere1_R5EL7LBSW_view3,R5EL7LBSW,Sphere1,66,198,401
Sphere1_5QYN7Y5UM_view4,5QYN7Y5UM,Sphere1,45,171,276
Sphere1_TRRBIBGW8_view3,TRRBIBGW8,Sphere1,66,215,430
Sphere1_HGFKXUSRE_view3,HGFKXUSRE,Sphere1,66,226,790
Sphere1_O9LW3E9NN_view3,O9LW3E9NN,Sphere1,66,231,638
Sphere1_09ALO2445_view4,09ALO2445,Sphere1,45,165,419
Sphere1_ZKZXTTU4V_view4,ZKZXTTU4V,Sphere1,45,123,115
Sphere1_8B8X52UMJ_view5,8B8X52UMJ,Sphere1,22,171,518
Sphere1_KGQ777J3R_view1,KGQ777J3R,Sphere1,90,84,70
Sphere1_IWV33ZLSW_view5,IWV33ZLSW,Sphere1,22,192,617
Sphere1_K7G8CQJMA_view4,K7G8CQJMA,Sphere1,45,199,842
Sphere1_P6C2OZB0K_view4,P6C2OZB0K,Sphere1,45,174,540
Sphere1_V0WGJ25PE_view4,V0WGJ25PE,Sphere1,45,202,735
Sphere1_C0F2MT4I8_view4,C0F2MT4I8,Sphere1,45,214,797
Sphere1_DZKSYUNXE_view5,DZKSYUNXE,Sphere1,22,168,486
Sphere1_DP63MKML2_view3,DP63MKML2,Sphere1,66,218,808
Sphere1_09CV3IWJJ_view4,09CV3IWJJ,Sphere1,45,212,769
Sphere1_M17VBMOXP_view5,M17VBMOXP,Sphere1,22,185,567
Sphere1_XH3AUM68Y_view5,XH3AUM68Y,Sphere1,22,138,207
Sphere1_NLL4ZD1OF_view5,NLL4ZD1OF,Sphere1,22,175,503
Sphere1_F9WPTSZP6_view5,F9WPTSZP6,Sphere1,22,157,295
Sphere1_GWR1C9TVA_view5,GWR1C9TVA,Sphere1,22,202,753
Sphere1_5QYN7Y5UM_view5,5QYN7Y5UM,Sphere1,22,152,276
Sphere1_0F5SGWN3M_view4,0F5SGWN3M,Sphere1,45,171,301
Sphere1_R5EL7LBSW_view4,R5EL7LBSW,Sphere1,45,168,401
Sphere1_L57GY4D4J_view3,L57GY4D4J,Sphere1,66,197,263
Sphere1_TRRBIBGW8_view4,TRRBIBGW8,Sphere1,45,179,430
Sphere1_HGFKXUSRE_view4,HGFKXUSRE,Sphere1,45,207,790
Sphere1_09ALO2445_view5,09ALO2445,Sphere1,22,180,419
Sphere1_O9LW3E9NN_view4,O9LW3E9NN,Sphere1,45,190,638
Sphere1_ZKZXTTU4V_view5,ZKZXTTU4V,Sphere1,22,117,115
Sphere1_KGQ777J3R_view2,KGQ777J3R,Sphere1,0,52,70
Sphere1_K7G8CQJMA_view5,K7G8CQJMA,Sphere1,22,210,842
Sphere1_P6C2OZB0K_view5,P6C2OZB0K,Sphere1,22,186,540
Sphere1_V0WGJ25PE_view5,V0WGJ25PE,Sphere1,22,202,735
Sphere1_4397Z7VST_view1,4397Z7VST,Sphere1,90,79,64
Sphere1_DP63MKML2_view4,DP63MKML2,Sphere1,45,202,808
Sphere1_C0F2MT4I8_view5,C0F2MT4I8,Sphere1,22,215,797
Sphere1_09CV3IWJJ_view5,09CV3IWJJ,Sphere1,22,194,769
Sphere1_O56YWQXKG_view1,O56YWQXKG,Sphere1,90,248,345
Sphere1_R5EL7LBSW_view5,R5EL7LBSW,Sphere1,22,167,401
Sphere1_ZLKGK434W_view1,ZLKGK434W,Sphere1,90,164,127
Sphere1_TRRBIBGW8_view5,TRRBIBGW8,Sphere1,22,176,430
Sphere1_0F5SGWN3M_view5,0F5SGWN3M,Sphere1,22,155,301
Sphere1_L57GY4D4J_view4,L57GY4D4J,Sphere1,45,158,263
Sphere1_HGFKXUSRE_view5,HGFKXUSRE,Sphere1,22,199,790
Sphere1_ME0V47WOJ_view1,ME0V47WOJ,Sphere1,90,261,586
Sphere1_O9LW3E9NN_view5,O9LW3E9NN,Sphere1,22,190,638
Sphere1_62QUFTE77_view1,62QUFTE77,Sphere1,90,258,450
Sphere1_4397Z7VST_view2,4397Z7VST,Sphere1,0,48,64
Sphere1_O56YWQXKG_view2,O56YWQXKG,Sphere1,0,84,345
Sphere1_DP63MKML2_view5,DP63MKML2,Sphere1,22,198,808
Sphere1_ZLKGK434W_view2,ZLKGK434W,Sphere1,0,53,127
Sphere1_KGQ777J3R_view3,KGQ777J3R,Sphere1,66,97,70
Sphere1_R4UWAE46A_view1,R4UWAE46A,Sphere1,90,256,692
Sphere1_4JPFEVFG4_view1,4JPFEVFG4,Sphere1,90,262,669
Sphere1_L57GY4D4J_view5,L57GY4D4J,Sphere1,22,147,263
Sphere1_62QUFTE77_view2,62QUFTE77,Sphere1,0,91,450
Sphere1_4397Z7VST_view3,4397Z7VST,Sphere1,66,91,64
Sphere1_9LIEE3VQ0_view1,9LIEE3VQ0,Sphere1,90,252,986
Sphere1_ME0V47WOJ_view2,ME0V47WOJ,Sphere1,0,112,586
Sphere1_O56YWQXKG_view3,O56YWQXKG,Sphere1,66,197,345
Sphere1_ZLKGK434W_view3,ZLKGK434W,Sphere1,66,162,127
Sphere1_4JPFEVFG4_view2,4JPFEVFG4,Sphere1,0,116,669
Sphere1_R4UWAE46A_view2,R4UWAE46A,Sphere1,0,126,692
Sphere1_KGQ777J3R_view4,KGQ777J3R,Sphere1,45,80,70
Sphere1_4397Z7VST_view4,4397Z7VST,Sphere1,45,70,64
Sphere1_EILPFXBOV_view1,EILPFXBOV,Sphere1,90,261,893
Sphere1_62QUFTE77_view3,62QUFTE77,Sphere1,66,196,450
Sphere1_9LIEE3VQ0_view2,9LIEE3VQ0,Sphere1,0,160,986
Sphere1_O56YWQXKG_view4,O56YWQXKG,Sphere1,45,158,345
Sphere1_ZLKGK434W_view4,ZLKGK434W,Sphere1,45,130,127
Sphere1_4JPFEVFG4_view3,4JPFEVFG4,Sphere1,66,214,669
Sphere1_R4UWAE46A_view3,R4UWAE46A,Sphere1,66,233,692
Sphere1_ME0V47WOJ_view3,ME0V47WOJ,Sphere1,66,210,586
Sphere1_4397Z7VST_view5,4397Z7VST,Sphere1,22,77,64
Sphere1_KGQ777J3R_view5,KGQ777J3R,Sphere1,22,84,70
Sphere1_62QUFTE77_view4,62QUFTE77,Sphere1,45,178,450
Sphere1_9LIEE3VQ0_view3,9LIEE3VQ0,Sphere1,66,226,986
Sphere1_ZLKGK434W_view5,ZLKGK434W,Sphere1,22,124,127
Sphere1_O56YWQXKG_view5,O56YWQXKG,Sphere1,22,165,345
Sphere1_4JPFEVFG4_view4,4JPFEVFG4,Sphere1,45,196,669
Sphere1_R4UWAE46A_view4,R4UWAE46A,Sphere1,45,196,692
Sphere1_62QUFTE77_view5,62QUFTE77,Sphere1,22,167,450
Sphere1_ME0V47WOJ_view4,ME0V47WOJ,Sphere1,45,199,586
Sphere1_9LIEE3VQ0_view4,9LIEE3VQ0,Sphere1,45,224,986
Sphere1_4JPFEVFG4_view5,4JPFEVFG4,Sphere1,22,205,669
Sphere1_R4UWAE46A_view5,R4UWAE46A,Sphere1,22,200,692
Sphere1_EILPFXBOV_view2,EILPFXBOV,Sphere1,0,146,893
Sphere1_9LIEE3VQ0_view5,9LIEE3VQ0,Sphere1,22,220,986
Sphere1_ME0V47WOJ_view5,ME0V47WOJ,Sphere1,22,201,586
Sphere1_EILPFXBOV_view3,EILPFXBOV,Sphere1,66,230,893
Sphere1_EILPFXBOV_view4,EILPFXBOV,Sphere1,45,216,893
Sphere1_EILPFXBOV_view5,EILPFXBOV,Sphere1,22,220,893
Sphere2_0O49QWGN4_view1,0O49QWGN4,Sphere2,90,110,67
Sphere2_K39F6AVNN_view1,K39F6AVNN,Sphere2,90,152,101
Sphere2_UR5ZE5AKH_view1,UR5ZE5AKH,Sphere2,90,170,126
Sphere2_G4MH8RYGM_view1,G4MH8RYGM,Sphere2,90,127,84
Sphere2_TRYLJ0I51_view1,TRYLJ0I51,Sphere2,90,178,169
Sphere2_GBN5H2EJY_view1,GBN5H2EJY,Sphere2,90,204,220
Sphere2_7OSHZ4PG7_view1,7OSHZ4PG7,Sphere2,90,192,203
Sphere2_36IQC4S5U_view1,36IQC4S5U,Sphere2,90,193,186
Sphere2_E1ZZ7AY7Y_view1,E1ZZ7AY7Y,Sphere2,90,210,254
Sphere2_6KDMAJJKI_view1,6KDMAJJKI,Sphere2,90,209,288
Sphere2_O9MO8LGMN_view1,O9MO8LGMN,Sphere2,90,204,271
Sphere2_NN44E2MOY_view1,NN44E2MOY,Sphere2,90,207,237
Sphere2_VLOW1E5JM_view1,VLOW1E5JM,Sphere2,90,215,373
Sphere2_D0O54XEU1_view1,D0O54XEU1,Sphere2,90,217,322
Sphere2_W0HBR9ZM0_view1,W0HBR9ZM0,Sphere2,90,211,305
Sphere2_SSU6ROW2Q_view1,SSU6ROW2Q,Sphere2,90,205,441
Sphere2_9BN8VUCNJ_view1,9BN8VUCNJ,Sphere2,90,240,356
Sphere2_VRKY4XC4S_view1,VRKY4XC4S,Sphere2,90,216,390
Sphere2_80CZ1PK27_view1,80CZ1PK27,Sphere2,90,210,509
Sphere2_AU9RGWRCT_view1,AU9RGWRCT,Sphere2,90,214,489
Sphere2_W5ILBGFCQ_view1,W5ILBGFCQ,Sphere2,90,236,457
Sphere2_XOS6P16A4_view1,XOS6P16A4,Sphere2,90,168,609
Sphere2_1S0MEIPNG_view1,1S0MEIPNG,Sphere2,90,197,560
Sphere2_I3Y55X7S9_view1,I3Y55X7S9,Sphere2,90,206,473
Sphere2_HDFDKP25Q_view1,HDFDKP25Q,Sphere2,90,213,423
Sphere2_BQ159MKMQ_view1,BQ159MKMQ,Sphere2,90,165,672
Sphere2_INOM6T8HH_view1,INOM6T8HH,Sphere2,90,161,706
Sphere2_BLGIJB5JP_view1,BLGIJB5JP,Sphere2,90,160,642
Sphere2_DY2VEYJ6J_view1,DY2VEYJ6J,Sphere2,90,202,521
Sphere2_UO51LCNYC_view1,UO51LCNYC,Sphere2,90,153,843
Sphere2_UA2DSZ9H1_view1,UA2DSZ9H1,Sphere2,90,162,739
Sphere2_DWBH20JDL_view1,DWBH20JDL,Sphere2,90,161,721
Sphere2_JA1G8U5BB_view1,JA1G8U5BB,Sphere2,90,157,752
Sphere2_B0C474XPR_view1,B0C474XPR,Sphere2,90,144,851
Sphere2_ALHRNPOPR_view1,ALHRNPOPR,Sphere2,90,151,782
Sphere2_WLR5A1QTG_view1,WLR5A1QTG,Sphere2,90,159,775
Sphere2_PZMC2Z5GO_view1,PZMC2Z5GO,Sphere2,90,185,590
Sphere2_Z7R4L47F6_view1,Z7R4L47F6,Sphere2,90,188,622
Sphere2_M85HIFALP_view1,M85HIFALP,Sphere2,90,172,657
Sphere2_0O49QWGN4_view2,0O49QWGN4,Sphere2,0,51,67
Sphere2_OV0NGH4PZ_view1,OV0NGH4PZ,Sphere2,90,200,542
Sphere2_K39F6AVNN_view2,K39F6AVNN,Sphere2,0,52,101
Sphere2_UR5ZE5AKH_view2,UR5ZE5AKH,Sphere2,0,58,126
Sphere2_G4MH8RYGM_view2,G4MH8RYGM,Sphere2,0,49,84
Sphere2_TRYLJ0I51_view2,TRYLJ0I51,Sphere2,0,69,169
Sphere2_7OSHZ4PG7_view2,7OSHZ4PG7,Sphere2,0,71,203
Sphere2_GBN5H2EJY_view2,GBN5H2EJY,Sphere2,0,80,220
Sphere2_36IQC4S5U_view2,36IQC4S5U,Sphere2,0,73,186
Sphere2_E1ZZ7AY7Y_view2,E1ZZ7AY7Y,Sphere2,0,79,254
Sphere2_6KDMAJJKI_view2,6KDMAJJKI,Sphere2,0,80,288
Sphere2_NN44E2MOY_view2,NN44E2MOY,Sphere2,0,78,237
Sphere2_O9MO8LGMN_view2,O9MO8LGMN,Sphere2,0,90,271
Sphere2_VLOW1E5JM_view2,VLOW1E5JM,Sphere2,0,93,373
Sphere2_D0O54XEU1_view2,D0O54XEU1,Sphere2,0,85,322
Sphere2_W0HBR9ZM0_view2,W0HBR9ZM0,Sphere2,0,84,305
Sphere2_9BN8VUCNJ_view2,9BN8VUCNJ,Sphere2,0,97,356
Sphere2_SSU6ROW2Q_view2,SSU6ROW2Q,Sphere2,0,108,441
Sphere2_VRKY4XC4S_view2,VRKY4XC4S,Sphere2,0,101,390
Sphere2_80CZ1PK27_view2,80CZ1PK27,Sphere2,0,120,509
Sphere2_W5ILBGFCQ_view2,W5ILBGFCQ,Sphere2,0,108,457
Sphere2_AU9RGWRCT_view2,AU9RGWRCT,Sphere2,0,108,489
Sphere2_XOS6P16A4_view2,XOS6P16A4,Sphere2,0,129,609
Sphere2_1S0MEIPNG_view2,1S0MEIPNG,Sphere2,0,126,560
Sphere2_HDFDKP25Q_view2,HDFDKP25Q,Sphere2,0,100,423
Sphere2_I3Y55X7S9_view2,I3Y55X7S9,Sphere2,0,114,473
Sphere2_INOM6T8HH_view2,INOM6T8HH,Sphere2,0,148,706
Sphere2_BQ159MKMQ_view2,BQ159MKMQ,Sphere2,0,144,672
Sphere2_BLGIJB5JP_view2,BLGIJB5JP,Sphere2,0,128,642
Sphere2_DY2VEYJ6J_view2,DY2VEYJ6J,Sphere2,0,115,521
Sphere2_UA2DSZ9H1_view2,UA2DSZ9H1,Sphere2,0,171,739
Sphere2_DWBH20JDL_view2,DWBH20JDL,Sphere2,0,155,721
Sphere2_JA1G8U5BB_view2,JA1G8U5BB,Sphere2,0,169,752
Sphere2_ALHRNPOPR_view2,ALHRNPOPR,Sphere2,0,176,782
Sphere2_UO51LCNYC_view2,UO51LCNYC,Sphere2,0,181,843
Sphere2_B0C474XPR_view2,B0C474XPR,Sphere2,0,192,851
Sphere2_WLR5A1QTG_view2,WLR5A1QTG,Sphere2,0,177,775
Sphere2_PZMC2Z5GO_view2,PZMC2Z5GO,Sphere2,0,128,590
Sphere2_Z7R4L47F6_view2,Z7R4L47F6,Sphere2,0,134,622
Sphere2_M85HIFALP_view2,M85HIFALP,Sphere2,0,130,657
Sphere2_0O49QWGN4_view3,0O49QWGN4,Sphere2,66,105,67
Sphere2_UR5ZE5AKH_view3,UR5ZE5AKH,Sphere2,66,139,126
Sphere2_K39F6AVNN_view3,K39F6AVNN,Sphere2,66,133,101
Sphere2_G4MH8RYGM_view3,G4MH8RYGM,Sphere2,66,130,84
Sphere2_TRYLJ0I51_view3,TRYLJ0I51,Sphere2,66,159,169
Sphere2_OV0NGH4PZ_view2,OV0NGH4PZ,Sphere2,0,134,542
Sphere2_7OSHZ4PG7_view3,7OSHZ4PG7,Sphere2,66,151,203
Sphere2_GBN5H2EJY_view3,GBN5H2EJY,Sphere2,66,161,220
Sphere2_36IQC4S5U_view3,36IQC4S5U,Sphere2,66,156,186
Sphere2_E1ZZ7AY7Y_view3,E1ZZ7AY7Y,Sphere2,66,173,254
Sphere2_6KDMAJJKI_view3,6KDMAJJKI,Sphere2,66,166,288
Sphere2_O9MO8LGMN_view3,O9MO8LGMN,Sphere2,66,178,271
Sphere2_VLOW1E5JM_view3,VLOW1E5JM,Sphere2,66,162,373
Sphere2_NN44E2MOY_view3,NN44E2MOY,Sphere2,66,161,237
Sphere2_D0O54XEU1_view3,D0O54XEU1,Sphere2,66,173,322
Sphere2_9BN8VUCNJ_view3,9BN8VUCNJ,Sphere2,66,182,356
Sphere2_SSU6ROW2Q_view3,SSU6ROW2Q,Sphere2,66,184,441
Sphere2_W0HBR9ZM0_view3,W0HBR9ZM0,Sphere2,66,179,305
Sphere2_VRKY4XC4S_view3,VRKY4XC4S,Sphere2,66,175,390
Sphere2_80CZ1PK27_view3,80CZ1PK27,Sphere2,66,181,509
Sphere2_W5ILBGFCQ_view3,W5ILBGFCQ,Sphere2,66,189,457
Sphere2_AU9RGWRCT_view3,AU9RGWRCT,Sphere2,66,184,489
Sphere2_XOS6P16A4_view3,XOS6P16A4,Sphere2,66,191,609
Sphere2_INOM6T8HH_view3,INOM6T8HH,Sphere2,66,204,706
Sphere2_1S0MEIPNG_view3,1S0MEIPNG,Sphere2,66,182,560
Sphere2_BQ159MKMQ_view3,BQ159MKMQ,Sphere2,66,191,672
Sphere2_HDFDKP25Q_view3,HDFDKP25Q,Sphere2,66,165,423
Sphere2_BLGIJB5JP_view3,BLGIJB5JP,Sphere2,66,187,642
Sphere2_I3Y55X7S9_view3,I3Y55X7S9,Sphere2,66,184,473
Sphere2_B0C474XPR_view3,B0C474XPR,Sphere2,66,188,851
Sphere2_UO51LCNYC_view3,UO51LCNYC,Sphere2,66,192,843
Sphere2_DY2VEYJ6J_view3,DY2VEYJ6J,Sphere2,66,174,521
Sphere2_UA2DSZ9H1_view3,UA2DSZ9H1,Sphere2,66,199,739
Sphere2_ALHRNPOPR_view3,ALHRNPOPR,Sphere2,66,193,782
Sphere2_JA1G8U5BB_view3,JA1G8U5BB,Sphere2,66,202,752
Sphere2_DWBH20JDL_view3,DWBH20JDL,Sphere2,66,179,721
Sphere2_WLR5A1QTG_view3,WLR5A1QTG,Sphere2,66,181,775
Sphere2_0O49QWGN4_view4,0O49QWGN4,Sphere2,45,84,67
Sphere2_PZMC2Z5GO_view3,PZMC2Z5GO,Sphere2,66,192,590
Sphere2_UR5ZE5AKH_view4,UR5ZE5AKH,Sphere2,45,105,126
Sphere2_K39F6AVNN_view4,K39F6AVNN,Sphere2,45,99,101
Sphere2_G4MH8RYGM_view4,G4MH8RYGM,Sphere2,45,96,84
Sphere2_Z7R4L47F6_view3,Z7R4L47F6,Sphere2,66,189,622
Sphere2_TRYLJ0I51_view4,TRYLJ0I51,Sphere2,45,112,169
Sphere2_M85HIFALP_view3,M85HIFALP,Sphere2,66,194,657
Sphere2_7OSHZ4PG7_view4,7OSHZ4PG7,Sphere2,45,125,203
Sphere2_GBN5H2EJY_view4,GBN5H2EJY,Sphere2,45,130,220
Sphere2_OV0NGH4PZ_view3,OV0NGH4PZ,Sphere2,66,174,542
Sphere2_36IQC4S5U_view4,36IQC4S5U,Sphere2,45,111,186
Sphere2_E1ZZ7AY7Y_view4,E1ZZ7AY7Y,Sphere2,45,133,254
Sphere2_6KDMAJJKI_view4,6KDMAJJKI,Sphere2,45,146,288
Sphere2_VLOW1E5JM_view4,VLOW1E5JM,Sphere2,45,142,373
Sphere2_O9MO8LGMN_view4,O9MO8LGMN,Sphere2,45,138,271
Sphere2_NN44E2MOY_view4,NN44E2MOY,Sphere2,45,130,237
Sphere2_D0O54XEU1_view4,D0O54XEU1,Sphere2,45,147,322
Sphere2_9BN8VUCNJ_view4,9BN8VUCNJ,Sphere2,45,142,356
Sphere2_SSU6ROW2Q_view4,SSU6ROW2Q,Sphere2,45,163,441
Sphere2_W0HBR9ZM0_view4,W0HBR9ZM0,Sphere2,45,150,305
Sphere2_VRKY4XC4S_view4,VRKY4XC4S,Sphere2,45,149,390
Sphere2_80CZ1PK27_view4,80CZ1PK27,Sphere2,45,170,509
Sphere2_W5ILBGFCQ_view4,W5ILBGFCQ,Sphere2,45,160,457
Sphere2_AU9RGWRCT_view4,AU9RGWRCT,Sphere2,45,167,489
Sphere2_INOM6T8HH_view4,INOM6T8HH,Sphere2,45,182,706
Sphere2_XOS6P16A4_view4,XOS6P16A4,Sphere2,45,175,609
Sphere2_1S0MEIPNG_view4,1S0MEIPNG,Sphere2,45,165,560
Sphere2_BQ159MKMQ_view4,BQ159MKMQ,Sphere2,45,169,672
Sphere2_HDFDKP25Q_view4,HDFDKP25Q,Sphere2,45,163,423
Sphere2_B0C474XPR_view4,B0C474XPR,Sphere2,45,211,851
Sphere2_UO51LCNYC_view4,UO51LCNYC,Sphere2,45,220,843
Sphere2_UA2DSZ9H1_view4,UA2DSZ9H1,Sphere2,45,185,739
Sphere2_BLGIJB5JP_view4,BLGIJB5JP,Sphere2,45,181,642
Sphere2_ALHRNPOPR_view4,ALHRNPOPR,Sphere2,45,185,782
Sphere2_DY2VEYJ6J_view4,DY2VEYJ6J,Sphere2,45,170,521
Sphere2_I3Y55X7S9_view4,I3Y55X7S9,Sphere2,45,167,473
Sphere2_JA1G8U5BB_view4,JA1G8U5BB,Sphere2,45,180,752
Sphere2_DWBH20JDL_view4,DWBH20JDL,Sphere2,45,179,721
Sphere2_WLR5A1QTG_view4,WLR5A1QTG,Sphere2,45,184,775
Sphere2_0O49QWGN4_view5,0O49QWGN4,Sphere2,22,84,67
Sphere2_UR5ZE5AKH_view5,UR5ZE5AKH,Sphere2,22,94,126
Sphere2_G4MH8RYGM_view5,G4MH8RYGM,Sphere2,22,91,84
Sphere2_K39F6AVNN_view5,K39F6AVNN,Sphere2,22,96,101
Sphere2_TRYLJ0I51_view5,TRYLJ0I51,Sphere2,22,108,169
Sphere2_PZMC2Z5GO_view4,PZMC2Z5GO,Sphere2,45,175,590
Sphere2_7OSHZ4PG7_view5,7OSHZ4PG7,Sphere2,22,125,203
Sphere2_GBN5H2EJY_view5,GBN5H2EJY,Sphere2,22,132,220
Sphere2_Z7R4L47F6_view4,Z7R4L47F6,Sphere2,45,171,622
Sphere2_M85HIFALP_view4,M85HIFALP,Sphere2,45,174,657
Sphere2_OV0NGH4PZ_view4,OV0NGH4PZ,Sphere2,45,158,542
Sphere2_36IQC4S5U_view5,36IQC4S5U,Sphere2,22,115,186
Sphere2_E1ZZ7AY7Y_view5,E1ZZ7AY7Y,Sphere2,22,125,254
Sphere2_6KDMAJJKI_view5,6KDMAJJKI,Sphere2,22,128,288
Sphere2_VLOW1E5JM_view5,VLOW1E5JM,Sphere2,22,137,373
Sphere2_O9MO8LGMN_view5,O9MO8LGMN,Sphere2,22,135,271
Sphere2_NN44E2MOY_view5,NN44E2MOY,Sphere2,22,127,237
Sphere2_D0O54XEU1_view5,D0O54XEU1,Sphere2,22,141,322
Sphere2_9BN8VUCNJ_view5,9BN8VUCNJ,Sphere2,22,135,356
Sphere2_SSU6ROW2Q_view5,SSU6ROW2Q,Sphere2,22,156,441
Sphere2_W0HBR9ZM0_view5,W0HBR9ZM0,Sphere2,22,137,305
Sphere2_VRKY4XC4S_view5,VRKY4XC4S,Sphere2,22,144,390
Sphere2_80CZ1PK27_view5,80CZ1PK27,Sphere2,22,159,509
Sphere2_W5ILBGFCQ_view5,W5ILBGFCQ,Sphere2,22,156,457
Sphere2_INOM6T8HH_view5,INOM6T8HH,Sphere2,22,168,706
Sphere2_XOS6P16A4_view5,XOS6P16A4,Sphere2,22,157,609
Sphere2_AU9RGWRCT_view5,AU9RGWRCT,Sphere2,22,154,489
Sphere2_1S0MEIPNG_view5,1S0MEIPNG,Sphere2,22,156,560
Sphere2_BQ159MKMQ_view5,BQ159MKMQ,Sphere2,22,170,672
Sphere2_HDFDKP25Q_view5,HDFDKP25Q,Sphere2,22,145,423
Sphere2_B0C474XPR_view5,B0C474XPR,Sphere2,22,197,851
Sphere2_UA2DSZ9H1_view5,UA2DSZ9H1,Sphere2,22,175,739
Sphere2_ALHRNPOPR_view5,ALHRNPOPR,Sphere2,22,183,782
Sphere2_UO51LCNYC_view5,UO51LCNYC,Sphere2,22,194,843
Sphere2_BLGIJB5JP_view5,BLGIJB5JP,Sphere2,22,165,642
Sphere2_DY2VEYJ6J_view5,DY2VEYJ6J,Sphere2,22,153,521
Sphere2_I3Y55X7S9_view5,I3Y55X7S9,Sphere2,22,161,473
Sphere2_JA1G8U5BB_view5,JA1G8U5BB,Sphere2,22,178,752
Sphere2_DWBH20JDL_view5,DWBH20JDL,Sphere2,22,179,721
Sphere2_WLR5A1QTG_view5,WLR5A1QTG,Sphere2,22,181,775
Sphere2_PZMC2Z5GO_view5,PZMC2Z5GO,Sphere2,22,175,590
Sphere2_Z7R4L47F6_view5,Z7R4L47F6,Sphere2,22,164,622
Sphere2_M85HIFALP_view5,M85HIFALP,Sphere2,22,167,657
Sphere2_OV0NGH4PZ_view5,OV0NGH4PZ,Sphere2,22,160,542
